,open,datetime,symbol,type,profit,cost,balance,close_type,BITCOIN_PRICE,cumsum_profit,cumsum_long_profit,cumsum_short_profit,cumsum_trading_cost
0,1590004800000,,,,0.0,0.0,100000.0,,9511.43,0.0,,,0.0
1,1590004800000,2020-05-20 20:00:00,ADAUSDT,long,27626.179433122517,26.66666666666667,127626.17943312251,0,9511.43,27626.179433122517,27626.179433122517,,26.66666666666667
2,1590004800000,2020-05-20 20:00:00,BATUSDT,short,7473.333333333334,26.66666666666667,135099.51276645585,1,9511.43,35099.51276645585,27626.179433122517,7473.333333333334,53.33333333333334
3,1590004800000,2020-05-20 20:00:00,IOTAUSDT,short,7473.333333333334,26.66666666666667,142572.8460997892,1,9511.43,42572.84609978919,27626.179433122517,14946.666666666668,80.00000000000001
4,1591214400000,2020-06-03 20:00:00,ADAUSDT,long,-661.3574791360936,28.514569219957842,141911.4886206531,0,9666.24,41911.488620653094,26964.821953986422,14946.666666666668,108.51456921995785
5,1591214400000,2020-06-03 20:00:00,ONTUSDT,long,-1512.4183564106295,28.514569219957842,140399.07026424247,0,9666.24,40399.070264242466,25452.403597575794,14946.666666666668,137.0291384399157
6,1591214400000,2020-06-03 20:00:00,ETHUSDT,long,-1097.480507314777,28.514569219957842,139301.5897569277,0,9666.24,39301.589756927686,24354.923090261018,14946.666666666668,165.54370765987355
7,1591214400000,2020-06-03 20:00:00,BTCUSDT,short,-21414.44148418834,28.514569219957842,117887.14827273934,-1,9666.24,17887.148272739345,24354.923090261018,-6467.774817521673,194.0582768798314
8,1592424000000,2020-06-17 20:00:00,XRPUSDT,long,-4882.067988328859,23.57742965454787,113005.08028441049,0,9465.14,13005.080284410486,19472.85510193216,-6467.774817521673,217.63570653437927
9,1592424000000,2020-06-17 20:00:00,XTZUSDT,short,-5917.934843291516,23.57742965454787,107087.14544111898,-1,9465.14,7087.14544111897,19472.85510193216,-12385.709660813189,241.21313618892714
10,1592424000000,2020-06-17 20:00:00,LINKUSDT,short,-5917.934843291516,23.57742965454787,101169.21059782746,-1,9465.14,1169.210597827454,19472.85510193216,-18303.644504104705,264.790565843475
11,1592424000000,2020-06-17 20:00:00,IOTAUSDT,short,-5917.934843291516,23.57742965454787,95251.27575453595,-1,9465.14,-4748.724245464062,19472.85510193216,-24221.57934739622,288.3679954980229
12,1593633600000,2020-07-01 20:00:00,TRXUSDT,long,617.7913805369978,12.700170100604794,95869.06713507295,0,9232.0,-4130.932864927064,20090.646482469157,-24221.57934739622,301.0681655986277
13,1593633600000,2020-07-01 20:00:00,ADAUSDT,long,5429.666481022851,12.700170100604794,101298.73361609581,0,9232.0,1298.7336160957875,25520.312963492008,-24221.57934739622,313.76833569923247
14,1593633600000,2020-07-01 20:00:00,XMRUSDT,long,1663.6868353482732,12.700170100604794,102962.42045144408,0,9232.0,2962.4204514440607,27183.999798840283,-24221.57934739622,326.46850579983726
15,1593633600000,2020-07-01 20:00:00,XTZUSDT,short,-4775.263957827403,12.700170100604794,98187.15649361667,-1,9232.0,-1812.8435063833422,27183.999798840283,-28996.84330522362,339.16867590044205
16,1593633600000,2020-07-01 20:00:00,QTUMUSDT,short,-4775.263957827403,12.700170100604794,93411.89253578926,-1,9232.0,-6588.107464210745,27183.999798840283,-33772.107263051024,351.86884600104685
17,1593633600000,2020-07-01 20:00:00,ETCUSDT,short,4749.863617626193,12.700170100604794,98161.75615341545,1,9232.0,-1838.2438465845516,27183.999798840283,-29022.24364542483,364.56901610165164
18,1594843200000,2020-07-15 20:00:00,LINKUSDT,long,-2772.8575334657526,19.632351230683092,95388.8986199497,0,9197.6,-4611.101380050304,24411.142265374532,-29022.24364542483,384.2013673323347
19,1594843200000,2020-07-15 20:00:00,QTUMUSDT,long,465.1170618726111,19.632351230683092,95854.01568182232,0,9197.6,-4145.984318177693,24876.259327247142,-29022.24364542483,403.8337185630178
20,1594843200000,2020-07-15 20:00:00,ONTUSDT,long,-903.1825818269134,19.632351230683092,94950.8330999954,0,9197.6,-5049.166900004607,23973.07674542023,-29022.24364542483,423.46606979370085
21,1594843200000,2020-07-15 20:00:00,BTCUSDT,short,14704.631071781638,19.632351230683092,109655.46417177704,1,9197.6,9655.464171777032,23973.07674542023,-14317.612573643193,443.0984210243839
22,1596052800000,2020-07-29 20:00:00,BTCUSDT,long,2283.094523946349,21.93109283435541,111938.55869572339,0,11100.53,11938.55869572338,26256.171269366576,-14317.612573643193,465.02951385873934
23,1596052800000,2020-07-29 20:00:00,LINKUSDT,short,5460.842115754497,21.93109283435541,117399.40081147788,1,11100.53,17399.400811477877,26256.171269366576,-8856.770457888695,486.96060669309475
24,1596052800000,2020-07-29 20:00:00,ATOMUSDT,short,5460.842115754497,21.93109283435541,122860.24292723238,1,11100.53,22860.242927232375,26256.171269366576,-3395.928342134198,508.89169952745016
25,1596052800000,2020-07-29 20:00:00,XLMUSDT,short,-5504.704301423209,21.93109283435541,117355.53862580917,-1,11100.53,17355.538625809168,26256.171269366576,-8900.632643557406,530.8227923618056
26,1597262400000,2020-08-12 20:00:00,IOTAUSDT,long,-5119.932792926902,23.471107725161836,112235.60583288227,0,11564.33,12235.605832882266,21136.238476439674,-8900.632643557406,554.2939000869674
27,1597262400000,2020-08-12 20:00:00,XLMUSDT,short,-5891.248039015622,23.471107725161836,106344.35779386664,-1,11564.33,6344.357793866643,21136.238476439674,-14791.880682573028,577.7650078121292
28,1597262400000,2020-08-12 20:00:00,ETCUSDT,short,5844.305823565298,23.471107725161836,112188.66361743194,1,11564.33,12188.663617431941,21136.238476439674,-8947.574859007731,601.236115537291
29,1597262400000,2020-08-12 20:00:00,ADAUSDT,short,-5891.248039015622,23.471107725161836,106297.41557841632,-1,11564.33,6297.415578416319,21136.238476439674,-14838.822898023354,624.7072232624528
30,1598472000000,2020-08-26 20:00:00,ATOMUSDT,long,-8071.303594476,17.00758649254661,98226.11198394031,0,11461.43,-1773.8880160596818,13064.934881963673,-14838.822898023354,641.7148097549994
31,1598472000000,2020-08-26 20:00:00,ZECUSDT,long,-4993.942700051422,17.00758649254661,93232.16928388888,0,11461.43,-6767.830716111104,8070.99218191225,-14838.822898023354,658.7223962475459
32,1598472000000,2020-08-26 20:00:00,TRXUSDT,short,-5331.878365413363,17.00758649254661,87900.29091847553,-1,11461.43,-12099.709081524466,8070.99218191225,-20170.701263436717,675.7299827400925
33,1598472000000,2020-08-26 20:00:00,IOTAUSDT,short,-5331.878365413363,17.00758649254661,82568.41255306217,-1,11461.43,-17431.58744693783,8070.99218191225,-25502.57962885008,692.7375692326391
34,1598472000000,2020-08-26 20:00:00,ETHUSDT,short,5297.86319242827,17.00758649254661,87866.27574549043,1,11461.43,-12133.724254509558,8070.99218191225,-20204.716436421808,709.7451557251857
35,1599681600000,2020-09-09 20:00:00,XLMUSDT,long,-1835.0090518606155,11.715503432732058,86031.26669362982,0,10219.2,-13968.733306370174,6235.983130051634,-20204.716436421808,721.4606591579177
36,1599681600000,2020-09-09 20:00:00,ADAUSDT,long,-2463.1698440617483,11.715503432732058,83568.09684956807,0,10219.2,-16431.90315043192,3772.813285989886,-20204.716436421808,733.1761625906497
37,1599681600000,2020-09-09 20:00:00,XMRUSDT,long,673.1373678575349,11.715503432732058,84241.2342174256,0,10219.2,-15758.765782574386,4445.950653847421,-20204.716436421808,744.8916660233817
38,1599681600000,2020-09-09 20:00:00,QTUMUSDT,short,-4405.029290707255,11.715503432732058,79836.20492671835,-1,10219.2,-20163.795073281643,4445.950653847421,-24609.745727129062,756.6071694561138
39,1599681600000,2020-09-09 20:00:00,ATOMUSDT,short,4381.59828384179,11.715503432732058,84217.80321056013,1,10219.2,-15782.196789439851,4445.950653847421,-20228.14744328727,768.3226728888458
40,1599681600000,2020-09-09 20:00:00,LTCUSDT,short,4381.59828384179,11.715503432732058,88599.40149440191,1,10219.2,-11400.59850559806,4445.950653847421,-15846.54915944548,780.0381763215778
41,1600891200000,2020-09-23 20:00:00,XMRUSDT,long,11612.991146907085,17.719880298880383,100212.392641309,0,10241.46,212.39264130902484,16058.941800754506,-15846.54915944548,797.7580566204582
42,1600891200000,2020-09-23 20:00:00,TRXUSDT,short,-4447.689955018977,17.719880298880383,95764.70268629002,-1,10241.46,-4235.2973137099525,16058.941800754506,-20294.239114464457,815.4779369193386
43,1600891200000,2020-09-23 20:00:00,LINKUSDT,short,-4447.689955018977,17.719880298880383,91317.01273127104,-1,10241.46,-8682.98726872893,16058.941800754506,-24741.929069483434,833.197817218219
44,1600891200000,2020-09-23 20:00:00,IOSTUSDT,short,-4447.689955018977,17.719880298880383,86869.32277625205,-1,10241.46,-13130.677223747907,16058.941800754506,-29189.61902450241,850.9176975170994
45,1602100800000,2020-10-07 20:00:00,XLMUSDT,long,2340.3519501581195,11.582576370166942,89209.67472641017,0,10666.39,-10790.325273589788,18399.293750912628,-29189.61902450241,862.5002738872664
46,1602100800000,2020-10-07 20:00:00,XMRUSDT,long,1306.1766356721323,11.582576370166942,90515.8513620823,0,10666.39,-9484.148637917655,19705.47038658476,-29189.61902450241,874.0828502574334
47,1602100800000,2020-10-07 20:00:00,XRPUSDT,long,390.26666414749366,11.582576370166942,90906.1180262298,0,10666.39,-9093.881973770161,20095.737050732252,-29189.61902450241,885.6654266276004
48,1602100800000,2020-10-07 20:00:00,IOSTUSDT,short,-4355.04871518277,11.582576370166942,86551.06931104703,-1,10666.39,-13448.930688952933,20095.737050732252,-33544.66773968518,897.2480029977673
49,1602100800000,2020-10-07 20:00:00,TRXUSDT,short,4331.883562442436,11.582576370166942,90882.95287348947,1,10666.39,-9117.047126510497,20095.737050732252,-29212.784177242745,908.8305793679343
50,1602100800000,2020-10-07 20:00:00,BATUSDT,short,4331.883562442436,11.582576370166942,95214.83643593191,1,10666.39,-4785.163564068061,20095.737050732252,-24880.90061480031,920.4131557381013
51,1603310400000,2020-10-21 20:00:00,BTCUSDT,long,5681.237787953419,19.042967287186382,100896.07422388533,0,12780.96,896.0742238853582,25776.97483868567,-24880.90061480031,939.4561230252876
52,1603310400000,2020-10-21 20:00:00,ZECUSDT,short,4741.69885450941,19.042967287186382,105637.77307839473,1,12780.96,5637.773078394768,25776.97483868567,-20139.2017602909,958.499090312474
53,1603310400000,2020-10-21 20:00:00,XLMUSDT,short,-4779.784789083782,19.042967287186382,100857.98828931095,-1,12780.96,857.9882893109861,25776.97483868567,-24918.986549374684,977.5420575996603
54,1603310400000,2020-10-21 20:00:00,XRPUSDT,short,4741.69885450941,19.042967287186382,105599.68714382035,1,12780.96,5599.687143820396,25776.97483868567,-20177.287694865274,996.5850248868467
55,1604520000000,2020-11-04 20:00:00,BTCUSDT,long,14057.770705273007,21.11993742876407,119657.45784909336,0,14144.01,19657.457849093404,39834.74554395868,-20177.287694865274,1017.7049623156107
56,1604520000000,2020-11-04 20:00:00,ZECUSDT,short,5258.864419762254,21.11993742876407,124916.32226885561,1,14144.01,24916.322268855656,39834.74554395868,-14918.42327510302,1038.8248997443748
57,1604520000000,2020-11-04 20:00:00,ATOMUSDT,short,5258.864419762254,21.11993742876407,130175.18668861786,1,14144.01,30175.186688617912,39834.74554395868,-9659.558855340765,1059.944837173139
58,1604520000000,2020-11-04 20:00:00,XLMUSDT,short,-5301.104294619783,21.11993742876407,124874.08239399808,-1,14144.01,24874.082393998127,39834.74554395868,-14960.663149960548,1081.064774601903
59,1605729600000,2020-11-18 20:00:00,LTCUSDT,long,12438.628450787008,24.974816478799617,137312.7108447851,0,17776.12,37312.710844785135,52273.373994745685,-14960.663149960548,1106.0395910807026
60,1605729600000,2020-11-18 20:00:00,XLMUSDT,short,-6268.678936178704,24.974816478799617,131044.03190860638,-1,17776.12,31044.03190860643,52273.373994745685,-21229.34208613925,1131.0144075595022
61,1605729600000,2020-11-18 20:00:00,ZECUSDT,short,-6268.678936178704,24.974816478799617,124775.35297242767,-1,17776.12,24775.352972427725,52273.373994745685,-27498.021022317957,1155.9892240383017
62,1605729600000,2020-11-18 20:00:00,ATOMUSDT,short,6218.729303221105,24.974816478799617,130994.08227564878,1,17776.12,30994.08227564883,52273.373994745685,-21279.29171909685,1180.9640405171012
63,1606939200000,2020-12-02 20:00:00,IOSTUSDT,long,857.4329469487387,20.959053164103807,131851.51522259752,0,19204.09,31851.51522259757,53130.80694169443,-21279.29171909685,1201.923093681205
64,1606939200000,2020-12-02 20:00:00,ETHUSDT,long,2228.8011125607454,20.959053164103807,134080.31633515828,0,19204.09,34080.31633515831,55359.60805425517,-21279.29171909685,1222.8821468453089
65,1606939200000,2020-12-02 20:00:00,XMRUSDT,short,-6570.663166946544,20.959053164103807,127509.65316821173,-1,19204.09,27509.65316821177,55359.60805425517,-27849.954886043393,1243.8412000094127
66,1606939200000,2020-12-02 20:00:00,ZECUSDT,short,6528.745060618336,20.959053164103807,134038.39822883008,1,19204.09,34038.398228830105,55359.60805425517,-21321.20982542506,1264.8002531735165
67,1606939200000,2020-12-02 20:00:00,ATOMUSDT,short,6528.745060618336,20.959053164103807,140567.1432894484,1,19204.09,40567.14328944844,55359.60805425517,-14792.464764806724,1285.7593063376203
68,1608148800000,2020-12-16 20:00:00,ADAUSDT,long,1498.1593297452707,18.742285771926454,142065.30261919368,0,21335.52,42065.30261919371,56857.76738400044,-14792.464764806724,1304.5015921095467
69,1608148800000,2020-12-16 20:00:00,ATOMUSDT,long,-674.960912744622,18.742285771926454,141390.34170644905,0,21335.52,41390.341706449086,56182.80647125582,-14792.464764806724,1323.243877881473
70,1608148800000,2020-12-16 20:00:00,BCHUSDT,long,3119.1716199574853,18.742285771926454,144509.51332640654,0,21335.52,44509.51332640657,59301.97809121331,-14792.464764806724,1341.9861636533994
71,1608148800000,2020-12-16 20:00:00,IOSTUSDT,short,-7047.099450244348,18.742285771926454,137462.4138761622,-1,21335.52,37462.41387616222,59301.97809121331,-21839.564215051072,1360.7284494253258
72,1608148800000,2020-12-16 20:00:00,TRXUSDT,short,-7047.099450244348,18.742285771926454,130415.31442591785,-1,21335.52,30415.314425917873,59301.97809121331,-28886.66366529542,1379.4707351972522
73,1608148800000,2020-12-16 20:00:00,ONTUSDT,short,-7047.099450244348,18.742285771926454,123368.2149756735,-1,21335.52,23368.214975673523,59301.97809121331,-35933.76311553977,1398.2130209691786
74,1609358400000,2020-12-30 20:00:00,BTCUSDT,long,17427.255141420836,24.673642995134703,140795.47011709434,0,28875.54,40795.47011709436,76729.23323263414,-35933.76311553977,1422.8866639643134
75,1609358400000,2020-12-30 20:00:00,XRPUSDT,short,-6193.08439177881,24.673642995134703,134602.38572531554,-1,28875.54,34602.38572531555,76729.23323263414,-42126.84750731858,1447.560306959448
76,1609358400000,2020-12-30 20:00:00,ZECUSDT,short,-6193.08439177881,24.673642995134703,128409.30133353673,-1,28875.54,28409.301333536743,76729.23323263414,-48319.931899097384,1472.2339499545828
77,1609358400000,2020-12-30 20:00:00,XLMUSDT,short,6143.737105788541,24.673642995134703,134553.03843932526,1,28875.54,34553.03843932528,76729.23323263414,-42176.194793308845,1496.9075929497176
78,1610568000000,2021-01-13 20:00:00,IOSTUSDT,long,6706.123435815972,21.528486150292043,141259.16187514123,1,37371.38,41259.16187514125,83435.35666845011,-42176.194793308845,1518.4360791000097
79,1610568000000,2021-01-13 20:00:00,IOTAUSDT,long,-679.9910087975879,21.528486150292043,140579.17086634363,0,37371.38,40579.170866343666,82755.36565965253,-42176.194793308845,1539.9645652503018
80,1610568000000,2021-01-13 20:00:00,ADAUSDT,long,922.9753361317796,21.528486150292043,141502.14620247541,0,37371.38,41502.146202475444,83678.34099578431,-42176.194793308845,1561.493051400594
81,1610568000000,2021-01-13 20:00:00,EOSUSDT,short,10069.949396799104,21.528486150292043,151572.09559927453,1,37371.38,51572.095599274544,83678.34099578431,-32106.24539650974,1583.021537550886
82,1610568000000,2021-01-13 20:00:00,LTCUSDT,short,10069.949396799104,21.528486150292043,161642.04499607364,1,37371.38,61642.044996073644,83678.34099578431,-22036.295999710637,1604.5500237011781
83,1611777600000,2021-01-27 20:00:00,XMRUSDT,long,16079.75248660124,25.862727199371783,177721.79748267488,0,30366.15,77721.79748267488,99758.09348238555,-22036.295999710637,1630.41275090055
84,1611777600000,2021-01-27 20:00:00,EOSUSDT,long,12097.290647506154,25.862727199371783,189819.08813018104,1,30366.15,89819.08813018104,111855.3841298917,-22036.295999710637,1656.2754780999219
85,1611777600000,2021-01-27 20:00:00,IOSTUSDT,short,8056.239522604311,25.862727199371783,197875.32765278534,1,30366.15,97875.32765278536,111855.3841298917,-13980.056477106325,1682.1382052992938
86,1611777600000,2021-01-27 20:00:00,ONTUSDT,short,8056.239522604311,25.862727199371783,205931.56717538965,1,30366.15,105931.56717538967,111855.3841298917,-5923.816954502015,1708.0009324986656
87,1611777600000,2021-01-27 20:00:00,DASHUSDT,short,8056.239522604311,25.862727199371783,213987.80669799395,1,30366.15,113987.80669799399,111855.3841298917,2132.4225681022963,1733.8636596980375
88,1612987200000,2021-02-10 20:00:00,IOSTUSDT,long,10670.858627339967,28.531707559732528,224658.66532533392,1,44807.58,124658.66532533396,122526.24275723167,2132.4225681022963,1762.39536725777
89,1612987200000,2021-02-10 20:00:00,IOTAUSDT,long,10670.858627339967,28.531707559732528,235329.5239526739,1,44807.58,135329.52395267392,133197.10138457164,2132.4225681022963,1790.9270748175024
90,1612987200000,2021-02-10 20:00:00,ADAUSDT,long,3413.124427031562,28.531707559732528,238742.64837970544,0,44807.58,138742.64837970547,136610.2258116032,2132.4225681022963,1819.458782377235
91,1612987200000,2021-02-10 20:00:00,XMRUSDT,short,10670.858627339967,28.531707559732528,249413.5070070454,1,44807.58,149413.50700704544,136610.2258116032,12803.281195442263,1847.9904899369674
92,1612987200000,2021-02-10 20:00:00,XLMUSDT,short,-10727.922042459431,28.531707559732528,238685.58496458599,-1,44807.58,138685.584964586,136610.2258116032,2075.359152982832,1876.5221974966998
93,1612987200000,2021-02-10 20:00:00,XTZUSDT,short,-10727.922042459431,28.531707559732528,227957.66292212656,-1,44807.58,127957.66292212659,136610.2258116032,-8652.5628894766,1905.0539050564323
94,1614196800000,2021-02-24 20:00:00,IOSTUSDT,long,-8328.906043313858,36.473226067540246,219628.7568788127,0,49676.2,119628.75687881274,128281.31976828934,-8652.5628894766,1941.5271311239726
95,1614196800000,2021-02-24 20:00:00,ADAUSDT,long,4578.489899607122,36.473226067540246,224207.24677841982,0,49676.2,124207.24677841987,132859.80966789645,-8652.5628894766,1978.0003571915129
96,1614196800000,2021-02-24 20:00:00,XMRUSDT,short,-11434.35637217387,36.473226067540246,212772.89040624595,-1,49676.2,112772.89040624599,132859.80966789645,-20086.91926165047,2014.4735832590532
97,1614196800000,2021-02-24 20:00:00,EOSUSDT,short,-11434.35637217387,36.473226067540246,201338.53403407207,-1,49676.2,101338.53403407212,132859.80966789645,-31521.27563382434,2050.946809326593
98,1614196800000,2021-02-24 20:00:00,XLMUSDT,short,11361.409920038788,36.473226067540246,212699.94395411087,1,49676.2,112699.9439541109,132859.80966789645,-20159.865713785555,2087.4200353941333
99,1615406400000,2021-03-10 20:00:00,EOSUSDT,long,-4120.3200256955,34.031991032657736,208579.62392841539,0,55851.59,108579.6239284154,128739.48964220095,-20159.865713785555,2121.452026426791
100,1615406400000,2021-03-10 20:00:00,XTZUSDT,long,-3760.891558147711,34.031991032657736,204818.73237026768,0,55851.59,104818.7323702677,124978.59808405324,-20159.865713785555,2155.4840174594483
101,1615406400000,2021-03-10 20:00:00,IOSTUSDT,short,-10669.029188738203,34.031991032657736,194149.70318152948,-1,55851.59,94149.70318152949,124978.59808405324,-30828.89490252376,2189.516008492106
102,1615406400000,2021-03-10 20:00:00,IOTAUSDT,short,10600.965206672887,34.031991032657736,204750.66838820235,1,55851.59,104750.66838820238,124978.59808405324,-20227.92969585087,2223.5479995247633
103,1615406400000,2021-03-10 20:00:00,LINKUSDT,short,10600.965206672887,34.031991032657736,215351.63359487522,1,55851.59,115351.63359487527,124978.59808405324,-9626.964489177984,2257.579990557421
104,1616616000000,2021-03-24 20:00:00,XMRUSDT,long,7898.99896441587,28.713551145983367,223250.6325592911,0,52303.65,123250.63255929115,132877.59704846912,-9626.964489177984,2286.293541703404
105,1616616000000,2021-03-24 20:00:00,XRPUSDT,long,10738.86812859778,28.713551145983367,233989.50068788888,1,52303.65,133989.50068788894,143616.46517706692,-9626.964489177984,2315.0070928493874
106,1616616000000,2021-03-24 20:00:00,EOSUSDT,long,10738.86812859778,28.713551145983367,244728.36881648668,1,52303.65,144728.36881648673,154355.3333056647,-9626.964489177984,2343.7206439953707
107,1616616000000,2021-03-24 20:00:00,DASHUSDT,short,-10796.295230889747,28.713551145983367,233932.07358559693,-1,52303.65,133932.07358559698,154355.3333056647,-20423.259720067734,2372.434195141354
108,1616616000000,2021-03-24 20:00:00,LINKUSDT,short,10738.86812859778,28.713551145983367,244670.94171419472,1,52303.65,144670.94171419478,154355.3333056647,-9684.391591469954,2401.147746287337
109,1616616000000,2021-03-24 20:00:00,ZECUSDT,short,10738.86812859778,28.713551145983367,255409.8098427925,1,52303.65,155409.80984279257,154355.3333056647,1054.4765371278263,2429.8612974333205
110,1617825600000,2021-04-07 20:00:00,EOSUSDT,long,2333.4944327613084,51.0819619685585,257743.30427555382,0,55953.45,157743.30427555388,156688.827738426,1054.4765371278263,2480.943259401879
111,1617825600000,2021-04-07 20:00:00,XRPUSDT,long,12719.40853017107,51.0819619685585,270462.7128057249,1,55953.45,170462.71280572494,169408.23626859707,1054.4765371278263,2532.0252213704375
112,1617825600000,2021-04-07 20:00:00,XMRUSDT,long,12719.40853017107,51.0819619685585,283182.12133589596,1,55953.45,183182.121335896,182127.64479876813,1054.4765371278263,2583.107183338996
113,1617825600000,2021-04-07 20:00:00,IOSTUSDT,short,38260.389514450326,51.0819619685585,321442.5108503463,1,55953.45,221442.51085034633,182127.64479876813,39314.86605157815,2634.1891453075546
114,1619035200000,2021-04-21 20:00:00,XMRUSDT,long,5470.952562357165,42.85900144671284,326913.4634127035,0,53787.63,226913.46341270348,187598.59736112528,39314.86605157815,2677.0481467542672
115,1619035200000,2021-04-21 20:00:00,BCHUSDT,long,16029.266541070603,42.85900144671284,342942.7299537741,1,53787.63,242942.72995377408,203627.86390219588,39314.86605157815,2719.90714820098
116,1619035200000,2021-04-21 20:00:00,ETHUSDT,long,25282.542940787695,42.85900144671284,368225.27289456176,0,53787.63,268225.27289456176,228910.40684298356,39314.86605157815,2762.7661496476926
117,1619035200000,2021-04-21 20:00:00,IOSTUSDT,short,-16114.98454396403,42.85900144671284,352110.2883505977,-1,53787.63,252110.28835059772,228910.40684298356,23199.88150761412,2805.6251510944053
118,1619035200000,2021-04-21 20:00:00,BATUSDT,short,16029.266541070603,42.85900144671284,368139.5548916683,1,53787.63,268139.5548916683,228910.40684298356,39229.14804868473,2848.484152541118
119,1619035200000,2021-04-21 20:00:00,DASHUSDT,short,16029.266541070603,42.85900144671284,384168.8214327389,1,53787.63,284168.8214327389,228910.40684298356,55258.41458975533,2891.3431539878306
120,1620244800000,2021-05-05 20:00:00,ETCUSDT,long,19157.218562112583,51.222509524365194,403326.0399948515,1,57436.11,303326.0399948515,248067.62540509616,55258.41458975533,2942.565663512196
121,1620244800000,2021-05-05 20:00:00,ETHUSDT,long,-19259.663581161316,51.222509524365194,384066.3764136902,-1,57436.11,284066.3764136902,228807.96182393483,55258.41458975533,2993.788173036561
122,1620244800000,2021-05-05 20:00:00,EOSUSDT,long,19157.218562112583,51.222509524365194,403223.5949758028,1,57436.11,303223.5949758028,247965.1803860474,55258.41458975533,3045.0106825609264
123,1620244800000,2021-05-05 20:00:00,IOSTUSDT,short,-19259.663581161316,51.222509524365194,383963.9313946415,-1,57436.11,283963.9313946415,247965.1803860474,35998.751008594016,3096.2331920852916
124,1620244800000,2021-05-05 20:00:00,IOTAUSDT,short,19157.218562112583,51.222509524365194,403121.1499567541,1,57436.11,303121.1499567541,247965.1803860474,55155.9695707066,3147.455701609657
125,1620244800000,2021-05-05 20:00:00,ATOMUSDT,short,19157.218562112583,51.222509524365194,422278.3685188667,1,57436.11,322278.3685188667,247965.1803860474,74313.18813281918,3198.678211134022
126,1621454400000,2021-05-19 20:00:00,XRPUSDT,long,-6431.804945257955,84.45567370377334,415846.56357360876,0,36690.09,315846.56357360876,241533.37544078944,74313.18813281918,3283.1338848377954
127,1621454400000,2021-05-19 20:00:00,IOSTUSDT,short,21029.462752239564,84.45567370377334,436876.0263258483,1,36690.09,336876.0263258483,241533.37544078944,95342.65088505874,3367.5895585415687
128,1621454400000,2021-05-19 20:00:00,ONTUSDT,short,21029.462752239564,84.45567370377334,457905.48907808785,1,36690.09,357905.48907808785,241533.37544078944,116372.1136372983,3452.045232245342
129,1621454400000,2021-05-19 20:00:00,DASHUSDT,short,-21198.374099647113,84.45567370377334,436707.11497844075,-1,36690.09,336707.11497844075,241533.37544078944,95173.73953765118,3536.5009059491153
130,1622664000000,2021-06-02 20:00:00,XMRUSDT,long,-15896.376293795594,174.6828459913763,420810.73868464516,0,37568.68,320810.73868464516,225636.99914699385,95173.73953765118,3711.1837519404917
131,1622664000000,2021-06-02 20:00:00,ETCUSDT,short,65331.38440077475,174.6828459913763,486142.1230854199,1,37568.68,386142.1230854199,225636.99914699385,160505.12393842594,3885.866597931868
132,1623873600000,2021-06-16 20:00:00,BATUSDT,long,-24456.24115090769,97.22842461708397,461685.8819345122,0,38349.01,361685.8819345122,201180.75799608618,160505.12393842594,3983.095022548952
133,1623873600000,2021-06-16 20:00:00,XTZUSDT,short,24209.877729653912,97.22842461708397,485895.7596641661,1,38349.01,385895.7596641661,201180.75799608618,184715.00166807984,4080.3234471660357
134,1623873600000,2021-06-16 20:00:00,XLMUSDT,short,24209.877729653912,97.22842461708397,510105.63739382,1,38349.01,410105.63739382,201180.75799608618,208924.87939773375,4177.55187178312
135,1623873600000,2021-06-16 20:00:00,ETCUSDT,short,-24404.334578888083,97.22842461708397,485701.3028149319,-1,38349.01,385701.3028149319,201180.75799608618,184520.54481884566,4274.780296400204
136,1625083200000,2021-06-30 20:00:00,IOSTUSDT,long,-9495.273589683964,97.14026056298638,476206.0292252479,0,35045.0,376206.0292252479,191685.48440640222,184520.54481884566,4371.92055696319
137,1625083200000,2021-06-30 20:00:00,ADAUSDT,long,-8390.285745779254,97.14026056298638,467815.7434794687,0,35045.0,367815.7434794687,183295.19866062296,184520.54481884566,4469.060817526177
138,1625083200000,2021-06-30 20:00:00,BATUSDT,long,-11693.423398231202,97.14026056298638,456122.32008123747,0,35045.0,356122.32008123747,171601.77526239175,184520.54481884566,4566.201078089163
139,1625083200000,2021-06-30 20:00:00,BTCUSDT,short,-72952.33568280278,97.14026056298638,383169.9843984347,-1,35045.0,283169.9843984347,171601.77526239175,111568.20913604289,4663.34133865215
140,1626292800000,2021-07-14 20:00:00,ONTUSDT,long,2670.203689973688,76.63399687968695,385840.1880884084,0,32820.02,285840.1880884084,174271.97895236543,111568.20913604289,4739.975335531837
141,1626292800000,2021-07-14 20:00:00,XMRUSDT,short,-19235.133216801423,76.63399687968695,366605.05487160693,-1,32820.02,266605.05487160693,174271.97895236543,92333.07591924147,4816.6093324115245
142,1626292800000,2021-07-14 20:00:00,XTZUSDT,short,19081.865223042052,76.63399687968695,385686.92009464896,1,32820.02,285686.92009464896,174271.97895236543,111414.94114228353,4893.243329291212
143,1626292800000,2021-07-14 20:00:00,ETCUSDT,short,19081.865223042052,76.63399687968695,404768.785317691,1,32820.02,304768.785317691,174271.97895236543,130496.80636532558,4969.877326170899
144,1627502400000,2021-07-28 20:00:00,IOTAUSDT,long,29424.019228253735,64.76300565083056,434192.80454594473,0,40019.56,334192.80454594473,203695.99818061918,130496.80636532558,5034.64033182173
145,1627502400000,2021-07-28 20:00:00,LINKUSDT,long,38202.70667596995,64.76300565083056,472395.51122191467,0,40019.56,372395.51122191467,241898.70485658915,130496.80636532558,5099.40333747256
146,1627502400000,2021-07-28 20:00:00,XMRUSDT,short,20173.676260233722,64.76300565083056,492569.1874821484,1,40019.56,392569.1874821484,241898.70485658915,150670.4826255593,5164.166343123391
147,1627502400000,2021-07-28 20:00:00,XTZUSDT,short,-20303.202271535385,64.76300565083056,472265.985210613,-1,40019.56,372265.985210613,241898.70485658915,130367.28035402391,5228.929348774222
148,1627502400000,2021-07-28 20:00:00,EOSUSDT,short,20173.676260233722,64.76300565083056,492439.66147084674,1,40019.56,392439.66147084674,241898.70485658915,150540.95661425762,5293.692354425052
149,1628712000000,2021-08-11 20:00:00,IOSTUSDT,long,33295.31171693876,65.65862152944624,525734.9731877855,0,45511.0,425734.9731877855,275194.0165735279,150540.95661425762,5359.350975954499
150,1628712000000,2021-08-11 20:00:00,ONTUSDT,long,4891.138520841338,65.65862152944624,530626.1117086268,0,45511.0,430626.1117086268,280085.1550943692,150540.95661425762,5425.009597483945
151,1628712000000,2021-08-11 20:00:00,QTUMUSDT,long,11845.87466742144,65.65862152944624,542471.9863760483,0,45511.0,442471.98637604824,291931.02976179065,150540.95661425762,5490.6682190133915
152,1628712000000,2021-08-11 20:00:00,XMRUSDT,short,24556.324452012894,65.65862152944624,567028.3108280612,1,45511.0,467028.31082806113,291931.02976179065,175097.28106627052,5556.326840542838
153,1628712000000,2021-08-11 20:00:00,XTZUSDT,short,-24687.641695071783,65.65862152944624,542340.6691329894,-1,45511.0,442340.66913298937,291931.02976179065,150409.63937119872,5621.9854620722845
154,1628712000000,2021-08-11 20:00:00,ETHUSDT,short,-24687.641695071783,65.65862152944624,517653.0274379176,-1,45511.0,417653.0274379176,291931.02976179065,125721.99767612694,5687.644083601731
155,1629921600000,2021-08-25 20:00:00,IOSTUSDT,long,25813.630968237492,69.02040365838901,543466.6584061551,1,48973.32,443466.65840615507,317744.6607300281,125721.99767612694,5756.66448726012
156,1629921600000,2021-08-25 20:00:00,ADAUSDT,long,-9920.71202503179,69.02040365838901,533545.9463811233,0,48973.32,433545.94638112327,307823.9487049963,125721.99767612694,5825.684890918509
157,1629921600000,2021-08-25 20:00:00,DASHUSDT,long,-20660.159641046084,69.02040365838901,512885.7867400772,0,48973.32,412885.7867400772,287163.78906395024,125721.99767612694,5894.705294576898
158,1629921600000,2021-08-25 20:00:00,EOSUSDT,short,-25951.67177555427,69.02040365838901,486934.11496452295,-1,48973.32,386934.11496452295,287163.78906395024,99770.32590057267,5963.725698235287
159,1629921600000,2021-08-25 20:00:00,ETCUSDT,short,25813.630968237492,69.02040365838901,512747.7459327604,1,48973.32,412747.7459327604,287163.78906395024,125583.95686881017,6032.7461018936765
160,1629921600000,2021-08-25 20:00:00,ETHUSDT,short,-25951.67177555427,69.02040365838901,486796.07415720617,-1,48973.32,386796.07415720617,287163.78906395024,99632.2850932559,6101.766505552066
161,1631131200000,2021-09-08 20:00:00,BTCUSDT,long,-10529.977517295305,97.35921483144124,476266.0966399109,0,46048.31,376266.0966399109,276633.81154665496,99632.2850932559,6199.125720383507
162,1631131200000,2021-09-08 20:00:00,DASHUSDT,short,24242.44449302887,97.35921483144124,500508.54113293975,1,46048.31,400508.54113293975,276633.81154665496,123874.72958628477,6296.484935214948
163,1631131200000,2021-09-08 20:00:00,ONTUSDT,short,-24437.162922691754,97.35921483144124,476071.378210248,-1,46048.31,376071.378210248,276633.81154665496,99437.56666359301,6393.844150046389
164,1631131200000,2021-09-08 20:00:00,ZECUSDT,short,-24437.162922691754,97.35921483144124,451634.2152875563,-1,46048.31,351634.2152875563,276633.81154665496,75000.40374090125,6491.20336487783
165,1632340800000,2021-09-22 20:00:00,XMRUSDT,long,39153.34854003447,90.32684305751127,490787.5638275908,0,43543.61,390787.5638275908,315787.16008668946,75000.40374090125,6581.5302079353405
166,1632340800000,2021-09-22 20:00:00,IOSTUSDT,short,22491.383921320306,90.32684305751127,513278.9477489111,1,43543.61,413278.9477489111,315787.16008668946,97491.78766222156,6671.857050992852
167,1632340800000,2021-09-22 20:00:00,DASHUSDT,short,-22672.03760743533,90.32684305751127,490606.9101414758,-1,43543.61,390606.9101414758,315787.16008668946,74819.75005478623,6762.183894050364
168,1632340800000,2021-09-22 20:00:00,ONTUSDT,short,-22672.03760743533,90.32684305751127,467934.8725340405,-1,43543.61,367934.8725340405,315787.16008668946,52147.7124473509,6852.510737107876
169,1633550400000,2021-10-06 20:00:00,ONTUSDT,long,4585.91277876451,62.39131633787207,472520.785312805,0,55315.0,372520.785312805,320373.07286545396,52147.7124473509,6914.902053445748
170,1633550400000,2021-10-06 20:00:00,BCHUSDT,long,3083.1367879196655,62.39131633787207,475603.92210072465,0,55315.0,375603.92210072465,323456.20965337363,52147.7124473509,6977.29336978362
171,1633550400000,2021-10-06 20:00:00,ZECUSDT,long,15122.38207250568,62.39131633787207,490726.3041732303,0,55315.0,390726.3041732303,338578.5917258793,52147.7124473509,7039.684686121492
172,1633550400000,2021-10-06 20:00:00,XMRUSDT,short,-23459.1349430399,62.39131633787207,467267.1692301904,-1,55315.0,367267.1692301904,338578.5917258793,28688.577504311004,7102.076002459364
173,1633550400000,2021-10-06 20:00:00,ETCUSDT,short,23334.352310364156,62.39131633787207,490601.52154055453,1,55315.0,390601.52154055453,338578.5917258793,52022.92981467516,7164.467318797236
174,1633550400000,2021-10-06 20:00:00,XLMUSDT,short,23334.352310364156,62.39131633787207,513935.87385091867,1,55315.0,413935.87385091867,338578.5917258793,75357.28212503932,7226.858635135108
175,1634760000000,2021-10-20 20:00:00,DASHUSDT,long,-813.9876822296234,82.22973981614699,513121.88616868906,0,66001.41,413121.88616868906,337764.6040436497,75357.28212503932,7309.088374951255
176,1634760000000,2021-10-20 20:00:00,ZECUSDT,long,13355.904327633414,82.22973981614699,526477.7904963224,0,66001.41,426477.7904963225,351120.5083712831,75357.28212503932,7391.318114767402
177,1634760000000,2021-10-20 20:00:00,XMRUSDT,short,25614.56395272979,82.22973981614699,552092.3544490522,1,66001.41,452092.3544490523,351120.5083712831,100971.8460777691,7473.547854583549
178,1634760000000,2021-10-20 20:00:00,XTZUSDT,short,25614.56395272979,82.22973981614699,577706.918401782,1,66001.41,477706.9184017821,351120.5083712831,126586.4100304989,7555.777594399697
179,1634760000000,2021-10-20 20:00:00,EOSUSDT,short,25614.56395272979,82.22973981614699,603321.4823545119,1,66001.41,503321.4823545119,351120.5083712831,152200.97398322867,7638.007334215844
180,1635969600000,2021-11-03 20:00:00,BTCUSDT,long,-14779.942615162843,120.66429647090237,588541.539739349,0,62896.48,488541.53973934904,336340.56575612025,152200.97398322867,7758.6716306867465
181,1635969600000,2021-11-03 20:00:00,ZECUSDT,short,30045.409821254696,120.66429647090237,618586.9495606037,1,62896.48,518586.9495606037,336340.56575612025,182246.38380448337,7879.335927157649
182,1635969600000,2021-11-03 20:00:00,LINKUSDT,short,30045.409821254696,120.66429647090237,648632.3593818584,1,62896.48,548632.3593818584,336340.56575612025,212291.79362573806,8000.000223628552
183,1635969600000,2021-11-03 20:00:00,ATOMUSDT,short,-30286.7384141965,120.66429647090237,618345.6209676618,-1,62896.48,518345.62096766185,336340.56575612025,182005.05521154156,8120.664520099454
184,1637179200000,2021-11-17 20:00:00,BTCUSDT,long,-20846.668862273556,123.66912419353237,597498.9521053883,0,60344.87,497498.9521053883,315493.8968938467,182005.05521154156,8244.333644292987
185,1637179200000,2021-11-17 20:00:00,ONTUSDT,short,30793.61192418956,123.66912419353237,628292.5640295779,1,60344.87,528292.5640295779,315493.8968938467,212798.6671357311,8368.00276848652
186,1637179200000,2021-11-17 20:00:00,DASHUSDT,short,30793.61192418956,123.66912419353237,659086.1759537675,1,60344.87,559086.1759537675,315493.8968938467,243592.27905992066,8491.671892680053
187,1637179200000,2021-11-17 20:00:00,LINKUSDT,short,30793.61192418956,123.66912419353237,689879.7878779571,1,60344.87,589879.7878779571,315493.8968938467,274385.89098411024,8615.341016873586
188,1638388800000,2021-12-01 20:00:00,BTCUSDT,long,-50593.27574046561,137.97595757559142,639286.5121374915,0,57184.07,539286.5121374915,264900.6211533811,274385.89098411024,8753.316974449177
189,1638388800000,2021-12-01 20:00:00,DASHUSDT,short,34356.013436322275,137.97595757559142,673642.5255738138,1,57184.07,573642.5255738138,264900.6211533811,308741.9044204325,8891.292932024768
190,1638388800000,2021-12-01 20:00:00,ONTUSDT,short,-34631.96535147345,137.97595757559142,639010.5602223404,-1,57184.07,539010.5602223404,264900.6211533811,274109.9390689591,9029.268889600358
191,1638388800000,2021-12-01 20:00:00,IOTAUSDT,short,34356.013436322275,137.97595757559142,673366.5736586626,1,57184.07,573366.5736586626,264900.6211533811,308465.95250528137,9167.244847175949
192,1639598400000,2021-12-15 20:00:00,BTCUSDT,long,-16401.998227958222,134.67331473173252,656964.5754307044,0,48864.98,556964.5754307044,248498.62292542285,308465.95250528137,9301.91816190768
193,1639598400000,2021-12-15 20:00:00,IOSTUSDT,short,-33803.00199766487,134.67331473173252,623161.5734330395,-1,48864.98,523161.57343303954,248498.62292542285,274662.9505076165,9436.591476639413
194,1639598400000,2021-12-15 20:00:00,ZECUSDT,short,-33803.00199766487,134.67331473173252,589358.5714353746,-1,48864.98,489358.5714353747,248498.62292542285,240859.94850995165,9571.264791371144
195,1639598400000,2021-12-15 20:00:00,BATUSDT,short,-33803.00199766487,134.67331473173252,555555.5694377096,-1,48864.98,455555.5694377098,248498.62292542285,207056.94651228678,9705.938106102876
196,1640808000000,2021-12-29 20:00:00,ADAUSDT,long,-2584.2818531230887,74.07407592502796,552971.2875845865,0,46464.66,452971.2875845867,245914.34107229975,207056.94651228678,9780.012182027904
197,1640808000000,2021-12-29 20:00:00,IOTAUSDT,long,-19616.32411933439,74.07407592502796,533354.9634652522,0,46464.66,433354.9634652523,226298.01695296535,207056.94651228678,9854.086257952931
198,1640808000000,2021-12-29 20:00:00,QTUMUSDT,long,-10058.41179179709,74.07407592502796,523296.5516734551,0,46464.66,423296.5516734552,216239.60516116826,207056.94651228678,9928.160333877959
199,1640808000000,2021-12-29 20:00:00,EOSUSDT,short,-27851.852547810515,74.07407592502796,495444.6991256446,-1,46464.66,395444.6991256447,216239.60516116826,179205.09396447625,10002.234409802986
200,1640808000000,2021-12-29 20:00:00,XRPUSDT,short,27703.704395960456,74.07407592502796,523148.403521605,1,46464.66,423148.4035216051,216239.60516116826,206908.79836043672,10076.308485728014
201,1640808000000,2021-12-29 20:00:00,ETHUSDT,short,-27851.852547810515,74.07407592502796,495296.5509737945,-1,46464.66,395296.5509737946,216239.60516116826,179056.94581262622,10150.382561653041
202,1642017600000,2022-01-12 20:00:00,XRPUSDT,long,-63484.85570454841,99.05931019475891,431811.69526924606,0,43902.66,331811.6952692462,152754.74945661984,179056.94581262622,10249.441871847801
203,1642017600000,2022-01-12 20:00:00,IOSTUSDT,short,24665.76823849497,99.05931019475891,456477.46350774105,1,43902.66,356477.46350774117,152754.74945661984,203722.71405112118,10348.50118204256
204,1642017600000,2022-01-12 20:00:00,BATUSDT,short,-24863.88685888449,99.05931019475891,431613.5766488566,-1,43902.66,331613.5766488567,152754.74945661984,178858.8271922367,10447.56049223732
205,1642017600000,2022-01-12 20:00:00,ONTUSDT,short,24665.76823849497,99.05931019475891,456279.34488735156,1,43902.66,356279.3448873517,152754.74945661984,203524.59543073166,10546.61980243208
206,1643227200000,2022-01-26 20:00:00,BTCUSDT,long,43083.63423816505,91.25586897747031,499362.9791255166,0,36809.34,399362.9791255167,195838.3836947849,203524.59543073166,10637.87567140955
207,1643227200000,2022-01-26 20:00:00,ZECUSDT,short,22722.71137539011,91.25586897747031,522085.6905009067,1,36809.34,422085.69050090684,195838.3836947849,226247.30680612178,10729.131540387021
208,1643227200000,2022-01-26 20:00:00,DASHUSDT,short,22722.71137539011,91.25586897747031,544808.4018762968,1,36809.34,444808.40187629696,195838.3836947849,248970.0181815119,10820.387409364492
209,1643227200000,2022-01-26 20:00:00,LINKUSDT,short,22722.71137539011,91.25586897747031,567531.1132516869,1,36809.34,467531.1132516871,195838.3836947849,271692.729556902,10911.643278341962
210,1644436800000,2022-02-09 20:00:00,DASHUSDT,long,-27647.976298171678,113.50622265033739,539883.1369535152,0,44372.72,439883.1369535154,168190.4073966132,271692.729556902,11025.1495009923
211,1644436800000,2022-02-09 20:00:00,ONTUSDT,long,-22698.433530531303,113.50622265033739,517184.70342298393,0,44372.72,417184.7034229841,145491.9738660819,271692.729556902,11138.655723642638
212,1644436800000,2022-02-09 20:00:00,IOTAUSDT,long,-34338.211954310245,113.50622265033739,482846.4914686737,0,44372.72,382846.49146867386,111153.76191177167,271692.729556902,11252.161946292976
213,1644436800000,2022-02-09 20:00:00,BTCUSDT,short,85016.16076510272,113.50622265033739,567862.6522337764,1,44372.72,467862.6522337766,111153.76191177167,356708.89032200474,11365.668168943314
214,1645646400000,2022-02-23 20:00:00,IOSTUSDT,long,2604.0920226225394,75.71502029783686,570466.744256399,0,37250.01,470466.7442563991,113757.85393439421,356708.89032200474,11441.38318924115
215,1645646400000,2022-02-23 20:00:00,ATOMUSDT,long,14647.23532683556,75.71502029783686,585113.9795832345,0,37250.01,485113.97958323464,128405.08926122978,356708.89032200474,11517.098209538988
216,1645646400000,2022-02-23 20:00:00,BCHUSDT,long,4086.364164621076,75.71502029783686,589200.3437478556,0,37250.01,489200.34374785575,132491.45342585086,356708.89032200474,11592.813229836825
217,1645646400000,2022-02-23 20:00:00,XTZUSDT,short,28317.417591390986,75.71502029783686,617517.7613392466,1,37250.01,517517.76133924676,132491.45342585086,385026.3079133957,11668.528250134663
218,1645646400000,2022-02-23 20:00:00,XMRUSDT,short,-28468.84763198666,75.71502029783686,589048.91370726,-1,37250.01,489048.9137072601,132491.45342585086,356557.46028140903,11744.2432704325
219,1645646400000,2022-02-23 20:00:00,ETCUSDT,short,28317.417591390986,75.71502029783686,617366.331298651,1,37250.01,517366.33129865106,132491.45342585086,384874.8778728,11819.958290730337
220,1646856000000,2022-03-09 20:00:00,DASHUSDT,long,28435.810235276007,82.31551083982015,645802.1415339271,0,41941.71,545802.1415339271,160927.26366112687,384874.8778728,11902.273801570158
221,1646856000000,2022-03-09 20:00:00,ZECUSDT,long,28482.482215536667,82.31551083982015,674284.6237494637,0,41941.71,574284.6237494637,189409.74587666354,384874.8778728,11984.589312409978
222,1646856000000,2022-03-09 20:00:00,IOTAUSDT,long,4749.779877815153,82.31551083982015,679034.4036272789,0,41941.71,579034.4036272789,194159.5257544787,384874.8778728,12066.904823249799
223,1646856000000,2022-03-09 20:00:00,XTZUSDT,short,30786.001054092736,82.31551083982015,709820.4046813716,1,41941.71,609820.4046813716,194159.5257544787,415660.8789268927,12149.22033408962
224,1646856000000,2022-03-09 20:00:00,EOSUSDT,short,30786.001054092736,82.31551083982015,740606.4057354644,1,41941.71,640606.4057354644,194159.5257544787,446446.8799809854,12231.53584492944
225,1646856000000,2022-03-09 20:00:00,ETCUSDT,short,-30950.632075772377,82.31551083982015,709655.773659692,-1,41941.71,609655.773659692,194159.5257544787,415496.24790521304,12313.85135576926
226,1648065600000,2022-03-23 20:00:00,IOSTUSDT,long,35369.24375919905,113.54492378555074,745025.0174188911,1,42882.76,645025.0174188911,229528.76951367775,415496.24790521304,12427.39627955481
227,1648065600000,2022-03-23 20:00:00,DASHUSDT,long,-14499.198420972167,113.54492378555074,730525.8189979189,0,42882.76,630525.8189979189,215029.5710927056,415496.24790521304,12540.94120334036
228,1648065600000,2022-03-23 20:00:00,ADAUSDT,long,-5116.541158913456,113.54492378555074,725409.2778390055,0,42882.76,625409.2778390055,209913.02993379213,415496.24790521304,12654.48612712591
229,1648065600000,2022-03-23 20:00:00,XMRUSDT,short,53110.63810069136,113.54492378555074,778519.9159396968,1,42882.76,678519.9159396968,209913.02993379213,468606.8860059044,12768.03105091146
230,1648065600000,2022-03-23 20:00:00,XRPUSDT,short,-53337.72794826246,113.54492378555074,725182.1879914344,-1,42882.76,625182.1879914344,209913.02993379213,415269.15805764194,12881.57597469701
231,1649275200000,2022-04-06 20:00:00,BTCUSDT,long,-12549.514795404695,145.03643759828688,712632.6731960296,0,43170.47,612632.6731960296,197363.51513838745,415269.15805764194,13026.612412295297
232,1649275200000,2022-04-06 20:00:00,XTZUSDT,short,36114.072961973434,145.03643759828688,748746.7461580031,1,43170.47,648746.7461580031,197363.51513838745,451383.23101961537,13171.648849893583
233,1649275200000,2022-04-06 20:00:00,XRPUSDT,short,36114.072961973434,145.03643759828688,784860.8191199766,1,43170.47,684860.8191199766,197363.51513838745,487497.3039815888,13316.68528749187
234,1649275200000,2022-04-06 20:00:00,EOSUSDT,short,36114.072961973434,145.03643759828688,820974.8920819501,1,43170.47,720974.8920819501,197363.51513838745,523611.37694356224,13461.721725090156
235,1650484800000,2022-04-20 20:00:00,BTCUSDT,long,-16330.12831260314,164.19497841639003,804644.763769347,0,41358.19,704644.763769347,181033.3868257843,523611.37694356224,13625.916703506546
236,1650484800000,2022-04-20 20:00:00,LINKUSDT,short,-41212.9395825139,164.19497841639003,763431.8241868331,-1,41358.19,663431.8241868331,181033.3868257843,482398.43736104836,13790.111681922936
237,1650484800000,2022-04-20 20:00:00,ADAUSDT,short,40884.549625681124,164.19497841639003,804316.3738125142,1,41358.19,704316.3738125142,181033.3868257843,523282.9869867295,13954.306660339325
238,1650484800000,2022-04-20 20:00:00,BCHUSDT,short,40884.549625681124,164.19497841639003,845200.9234381954,1,41358.19,745200.9234381954,181033.3868257843,564167.5366124106,14118.501638755715
239,1651694400000,2022-05-04 20:00:00,BTCUSDT,long,-111895.913878819,169.04018468763908,733305.0095593764,0,39690.0,633305.0095593764,69137.47294696531,564167.5366124106,14287.541823443355
240,1651694400000,2022-05-04 20:00:00,IOSTUSDT,short,42091.00598722214,169.04018468763908,775396.0155465986,1,39690.0,675396.0155465986,69137.47294696531,606258.5425996328,14456.582008130994
241,1651694400000,2022-05-04 20:00:00,ZECUSDT,short,-42429.08635659742,169.04018468763908,732966.9291900012,-1,39690.0,632966.9291900012,69137.47294696531,563829.4562430354,14625.622192818633
242,1651694400000,2022-05-04 20:00:00,LINKUSDT,short,42091.00598722214,169.04018468763908,775057.9351772234,1,39690.0,675057.9351772234,69137.47294696531,605920.4622302576,14794.662377506273
243,1652904000000,2022-05-18 20:00:00,BTCUSDT,long,13488.599577102124,206.6821160472596,788546.5347543255,0,28715.32,688546.5347543255,82626.07252406744,605920.4622302576,15001.344493553532
244,1652904000000,2022-05-18 20:00:00,ETHUSDT,short,57922.6630222445,206.6821160472596,846469.19777657,1,28715.32,746469.19777657,82626.07252406744,663843.125252502,15208.02660960079
245,1652904000000,2022-05-18 20:00:00,TRXUSDT,short,57922.6630222445,206.6821160472596,904391.8607988145,1,28715.32,804391.8607988145,82626.07252406744,721765.7882747465,15414.70872564805
246,1654113600000,2022-06-01 20:00:00,IOSTUSDT,long,-23398.861203503617,120.58558143984195,880992.9995953109,0,29805.83,780992.9995953109,59227.211320563816,721765.7882747465,15535.294307087892
247,1654113600000,2022-06-01 20:00:00,ADAUSDT,long,-9172.161111326437,120.58558143984195,871820.8384839845,0,29805.83,771820.8384839845,50055.05020923738,721765.7882747465,15655.879888527734
248,1654113600000,2022-06-01 20:00:00,DASHUSDT,long,-36318.69264312079,120.58558143984195,835502.1458408637,0,29805.83,735502.1458408637,13736.357566116589,721765.7882747465,15776.465469967576
249,1654113600000,2022-06-01 20:00:00,XTZUSDT,short,-45340.178621380575,120.58558143984195,790161.9672194831,-1,29805.83,690161.9672194831,13736.357566116589,676425.6096533659,15897.051051407418
250,1654113600000,2022-06-01 20:00:00,ETCUSDT,short,45099.007458500884,120.58558143984195,835260.974677984,1,29805.83,735260.974677984,13736.357566116589,721524.6171118668,16017.63663284726
251,1654113600000,2022-06-01 20:00:00,XMRUSDT,short,-45340.178621380575,120.58558143984195,789920.7960566034,-1,29805.83,689920.7960566034,13736.357566116589,676184.4384904862,16138.222214287101
252,1655323200000,2022-06-15 20:00:00,XRPUSDT,long,-20521.511817530685,157.9841592113207,769399.2842390727,0,22583.72,669399.2842390727,-6785.1542514140965,676184.4384904862,16296.206373498422
253,1655323200000,2022-06-15 20:00:00,ETHUSDT,short,39338.055643618856,157.9841592113207,808737.3398826915,1,22583.72,708737.3398826915,-6785.1542514140965,715522.494134105,16454.19053270974
254,1655323200000,2022-06-15 20:00:00,TRXUSDT,short,-39654.0239620415,157.9841592113207,769083.31592065,-1,22583.72,669083.31592065,-6785.1542514140965,675868.4701720636,16612.17469192106
255,1655323200000,2022-06-15 20:00:00,XTZUSDT,short,39338.055643618856,157.9841592113207,808421.3715642688,1,22583.72,708421.3715642688,-6785.1542514140965,715206.5258156824,16770.15885113238
256,1656532800000,2022-06-29 20:00:00,BTCUSDT,long,1871.7216486444786,161.68427431285377,810293.0932129133,0,20123.01,710293.0932129133,-4913.432602769618,715206.5258156824,16931.843125445233
257,1656532800000,2022-06-29 20:00:00,IOSTUSDT,short,40259.384303900595,161.68427431285377,850552.4775168139,1,20123.01,750552.4775168139,-4913.432602769618,755465.910119583,17093.527399758088
258,1656532800000,2022-06-29 20:00:00,ZECUSDT,short,-40582.7528525263,161.68427431285377,809969.7246642876,-1,20123.01,709969.7246642876,-4913.432602769618,714883.1572670568,17255.211674070943
259,1656532800000,2022-06-29 20:00:00,LINKUSDT,short,40259.384303900595,161.68427431285377,850229.1089681883,1,20123.01,750229.1089681883,-4913.432602769618,755142.5415709574,17416.895948383797
260,1657742400000,2022-07-13 20:00:00,LINKUSDT,long,23703.450514606604,136.03665743491013,873932.5594827948,0,20234.87,773932.5594827948,18790.017911836985,755142.5415709574,17552.932605818707
261,1657742400000,2022-07-13 20:00:00,BCHUSDT,long,69112.07884460993,136.03665743491013,943044.6383274047,0,20234.87,843044.6383274047,87902.09675644692,755142.5415709574,17688.969263253617
262,1657742400000,2022-07-13 20:00:00,ETCUSDT,short,-42647.492105844336,136.03665743491013,900397.1462215604,-1,20234.87,800397.1462215604,87902.09675644692,712495.0494651131,17825.005920688527
263,1657742400000,2022-07-13 20:00:00,XTZUSDT,short,42375.418790974516,136.03665743491013,942772.565012535,1,20234.87,842772.565012535,87902.09675644692,754870.4682560876,17961.042578123437
264,1657742400000,2022-07-13 20:00:00,EOSUSDT,short,-42647.492105844336,136.03665743491013,900125.0729066906,-1,20234.87,800125.0729066906,87902.09675644692,712222.9761502433,18097.079235558347
265,1658952000000,2022-07-27 20:00:00,IOSTUSDT,long,23137.124655755342,144.0200116650705,923262.197562446,0,22952.45,823262.197562446,111039.22141220226,712222.9761502433,18241.099247223417
266,1658952000000,2022-07-27 20:00:00,ADAUSDT,long,9514.85634144334,144.0200116650705,932777.0539038894,0,22952.45,832777.0539038894,120554.0777536456,712222.9761502433,18385.119258888488
267,1658952000000,2022-07-27 20:00:00,ZECUSDT,long,39999.32130029993,144.0200116650705,972776.3752041893,0,22952.45,872776.3752041893,160553.39905394553,712222.9761502433,18529.139270553558
268,1658952000000,2022-07-27 20:00:00,XTZUSDT,short,-67653.40047966687,144.0200116650705,905122.9747245224,-1,22952.45,805122.9747245224,160553.39905394553,644569.5756705764,18673.15928221863
269,1658952000000,2022-07-27 20:00:00,XRPUSDT,short,67365.36045633674,144.0200116650705,972488.3351808592,1,22952.45,872488.3351808592,160553.39905394553,711934.9361269132,18817.1792938837
270,1660161600000,2022-08-10 20:00:00,ADAUSDT,long,-23784.134420794988,129.6651113574479,948704.2007600642,0,23954.05,848704.2007600642,136769.26463315054,711934.9361269132,18946.844405241147
271,1660161600000,2022-08-10 20:00:00,LINKUSDT,long,-33566.78705947282,129.6651113574479,915137.4137005913,0,23954.05,815137.4137005913,103202.47757367772,711934.9361269132,19076.509516598595
272,1660161600000,2022-08-10 20:00:00,DASHUSDT,long,-16881.342499482907,129.6651113574479,898256.0712011084,0,23954.05,798256.0712011084,86321.13507419481,711934.9361269132,19206.174627956043
273,1660161600000,2022-08-10 20:00:00,XTZUSDT,short,-48754.08187040042,129.6651113574479,849501.9893307079,-1,23954.05,749501.9893307079,86321.13507419481,663180.8542565127,19335.83973931349
274,1660161600000,2022-08-10 20:00:00,XMRUSDT,short,48494.75164768552,129.6651113574479,897996.7409783935,1,23954.05,797996.7409783935,86321.13507419481,711675.6059041983,19465.50485067094
275,1660161600000,2022-08-10 20:00:00,EOSUSDT,short,-48754.08187040042,129.6651113574479,849242.659107993,-1,23954.05,749242.659107993,86321.13507419481,662921.5240337978,19595.169962028387
276,1661371200000,2022-08-24 20:00:00,XRPUSDT,long,-16643.287489620037,169.8485318215986,832599.371618373,0,21368.08,732599.371618373,69677.84758457477,662921.5240337978,19765.018493849984
277,1661371200000,2022-08-24 20:00:00,IOSTUSDT,short,-42631.98148722125,169.8485318215986,789967.3901311518,-1,21368.08,689967.3901311518,69677.84758457477,620289.5425465766,19934.86702567158
278,1661371200000,2022-08-24 20:00:00,LINKUSDT,short,42292.28442357806,169.8485318215986,832259.6745547298,1,21368.08,732259.6745547298,69677.84758457477,662581.8269701547,20104.71555749318
279,1661371200000,2022-08-24 20:00:00,ADAUSDT,short,42292.28442357806,169.8485318215986,874551.9589783079,1,21368.08,774551.9589783079,69677.84758457477,704874.1113937327,20274.564089314776
280,1662580800000,2022-09-07 20:00:00,XRPUSDT,long,42262.98445852924,139.9283134365293,916814.9434368372,0,19292.84,816814.9434368372,111940.83204310402,704874.1113937327,20414.492402751304
281,1662580800000,2022-09-07 20:00:00,ETCUSDT,long,-55255.691785564435,139.9283134365293,861559.2516512728,0,19292.84,761559.2516512728,56685.140257539584,704874.1113937327,20554.420716187833
282,1662580800000,2022-09-07 20:00:00,IOSTUSDT,short,43587.669635478866,139.9283134365293,905146.9212867516,1,19292.84,805146.9212867516,56685.140257539584,748461.7810292116,20694.34902962436
283,1662580800000,2022-09-07 20:00:00,DASHUSDT,short,43587.669635478866,139.9283134365293,948734.5909222305,1,19292.84,848734.5909222305,56685.140257539584,792049.4506646905,20834.27734306089
284,1662580800000,2022-09-07 20:00:00,ONTUSDT,short,43587.669635478866,139.9283134365293,992322.2605577094,1,19292.84,892322.2605577094,56685.140257539584,835637.1203001693,20974.20565649742
285,1663790400000,2022-09-21 20:00:00,XRPUSDT,long,131034.38791055596,198.46445211154187,1123356.6484682653,0,18461.36,1023356.6484682653,187719.52816809554,835637.1203001693,21172.67010860896
286,1663790400000,2022-09-21 20:00:00,ZECUSDT,short,49417.648575773936,198.46445211154187,1172774.2970440392,1,18461.36,1072774.2970440392,187719.52816809554,885054.7688759433,21371.1345607205
287,1663790400000,2022-09-21 20:00:00,LINKUSDT,short,-49814.57747999702,198.46445211154187,1122959.7195640423,-1,18461.36,1022959.7195640422,187719.52816809554,835240.1913959462,21569.59901283204
288,1663790400000,2022-09-21 20:00:00,DASHUSDT,short,-49814.57747999702,198.46445211154187,1073145.1420840453,-1,18461.36,973145.1420840451,187719.52816809554,785425.6139159491,21768.06346494358
289,1665000000000,2022-10-05 20:00:00,ETHUSDT,long,-28829.503822705483,214.62902841680906,1044315.6382613399,0,20158.26,944315.6382613396,158890.02434539006,785425.6139159491,21982.69249336039
290,1665000000000,2022-10-05 20:00:00,XTZUSDT,short,53442.62807578547,214.62902841680906,1097758.2663371253,1,20158.26,997758.2663371251,158890.02434539006,838868.2419917346,22197.3215217772
291,1665000000000,2022-10-05 20:00:00,XMRUSDT,short,53442.62807578547,214.62902841680906,1151200.8944129108,1,20158.26,1051200.8944129106,158890.02434539006,892310.8700675201,22411.95055019401
292,1665000000000,2022-10-05 20:00:00,XRPUSDT,short,53442.62807578547,214.62902841680906,1204643.5224886963,1,20158.26,1104643.522488696,158890.02434539006,945753.4981433055,22626.57957861082
293,1666209600000,2022-10-19 20:00:00,LINKUSDT,long,28436.61184473363,160.61913633182618,1233080.1343334299,0,19123.97,1133080.1343334296,187326.63619012368,945753.4981433055,22787.198714942646
294,1666209600000,2022-10-19 20:00:00,ZECUSDT,long,2651.0077570508047,160.61913633182618,1235731.1420904808,0,19123.97,1135731.1420904805,189977.64394717448,945753.4981433055,22947.81785127447
295,1666209600000,2022-10-19 20:00:00,ONTUSDT,long,16144.894948234747,160.61913633182618,1251876.0370387156,0,19123.97,1151876.0370387153,206122.53889540923,945753.4981433055,23108.436987606296
296,1666209600000,2022-10-19 20:00:00,XRPUSDT,short,-60392.79526076665,160.61913633182618,1191483.2417779488,-1,19123.97,1091483.2417779486,206122.53889540923,885360.7028825389,23269.05612393812
297,1666209600000,2022-10-19 20:00:00,XLMUSDT,short,-60392.79526076665,160.61913633182618,1131090.446517182,-1,19123.97,1031090.4465171819,206122.53889540923,824967.9076217723,23429.675260269945
298,1666209600000,2022-10-19 20:00:00,TRXUSDT,short,-60392.79526076665,160.61913633182618,1070697.6512564153,-1,19123.97,970697.6512564153,206122.53889540923,764575.1123610056,23590.29439660177
299,1667419200000,2022-11-02 20:00:00,IOSTUSDT,long,-46277.64535697575,142.75968683418873,1024420.0058994396,0,20151.84,924420.0058994396,159844.89353843348,764575.1123610056,23733.05408343596
300,1667419200000,2022-11-02 20:00:00,LINKUSDT,long,-31734.202233104603,142.75968683418873,992685.803666335,0,20151.84,892685.803666335,128110.69130532887,764575.1123610056,23875.81377027015
301,1667419200000,2022-11-02 20:00:00,ATOMUSDT,long,-44049.800849133615,142.75968683418873,948636.0028172013,0,20151.84,848636.0028172013,84060.89045619525,764575.1123610056,24018.57345710434
302,1667419200000,2022-11-02 20:00:00,XTZUSDT,short,-53677.642249654964,142.75968683418873,894958.3605675463,-1,20151.84,794958.3605675463,84060.89045619525,710897.4701113506,24161.33314393853
303,1667419200000,2022-11-02 20:00:00,XLMUSDT,short,53392.12287598659,142.75968683418873,948350.483443533,1,20151.84,848350.483443533,84060.89045619525,764289.5929873373,24304.09283077272
304,1667419200000,2022-11-02 20:00:00,ETCUSDT,short,-53677.642249654964,142.75968683418873,894672.841193878,-1,20151.84,794672.841193878,84060.89045619525,710611.9507376823,24446.85251760691
305,1668628800000,2022-11-16 20:00:00,XRPUSDT,long,32515.16498992612,178.9345682387756,927188.0061838041,0,16662.76,827188.0061838041,116576.05544612138,710611.9507376823,24625.787085845684
306,1668628800000,2022-11-16 20:00:00,IOSTUSDT,short,44554.707491455134,178.9345682387756,971742.7136752593,1,16662.76,871742.7136752593,116576.05544612138,755166.6582291374,24804.72165408446
307,1668628800000,2022-11-16 20:00:00,LINKUSDT,short,-44912.57662793268,178.9345682387756,926830.1370473265,-1,16662.76,826830.1370473265,116576.05544612138,710254.0816012047,24983.656222323236
308,1668628800000,2022-11-16 20:00:00,DASHUSDT,short,44554.707491455134,178.9345682387756,971384.8445387817,1,16662.76,871384.8445387817,116576.05544612138,754808.7890926598,25162.59079056201
309,1669838400000,2022-11-30 20:00:00,BTCUSDT,long,15819.98664945589,194.27696890775636,987204.8311882375,0,17163.64,887204.8311882375,132396.04209557726,754808.7890926598,25356.86775946977
310,1669838400000,2022-11-30 20:00:00,IOSTUSDT,short,48374.965258031334,194.27696890775636,1035579.7964462689,1,17163.64,935579.7964462689,132396.04209557726,803183.7543506912,25551.144728377527
311,1669838400000,2022-11-30 20:00:00,ZECUSDT,short,-48763.51919584684,194.27696890775636,986816.277250422,-1,17163.64,886816.277250422,132396.04209557726,754420.2351548444,25745.421697285285
312,1669838400000,2022-11-30 20:00:00,DASHUSDT,short,-48763.51919584684,194.27696890775636,938052.7580545752,-1,17163.64,838052.7580545752,132396.04209557726,705656.7159589975,25939.698666193042
313,1671048000000,2022-12-14 20:00:00,QTUMUSDT,long,-100323.54800947422,187.61055161091505,837729.210045101,0,17803.15,737729.210045101,32072.494086103034,705656.7159589975,26127.30921780396
314,1671048000000,2022-12-14 20:00:00,XRPUSDT,short,-47090.248454339686,187.61055161091505,790638.9615907613,-1,17803.15,690638.9615907613,32072.494086103034,658566.4675046578,26314.919769414875
315,1671048000000,2022-12-14 20:00:00,XTZUSDT,short,-47090.248454339686,187.61055161091505,743548.7131364216,-1,17803.15,643548.7131364216,32072.494086103034,611476.2190503181,26502.53032102579
316,1671048000000,2022-12-14 20:00:00,XMRUSDT,short,-47090.248454339686,187.61055161091505,696458.464682082,-1,17803.15,596458.464682082,32072.494086103034,564385.9705959784,26690.140872636708
317,1672257600000,2022-12-28 20:00:00,IOSTUSDT,long,24696.376818894478,139.29169293641638,721154.8415009765,0,16547.31,621154.8415009765,56768.870904997515,564385.9705959784,26829.432565573123
318,1672257600000,2022-12-28 20:00:00,ADAUSDT,long,37023.88175851341,139.29169293641638,758178.7232594899,0,16547.31,658178.7232594899,93792.75266351092,564385.9705959784,26968.724258509537
319,1672257600000,2022-12-28 20:00:00,LINKUSDT,long,13508.331432480754,139.29169293641638,771687.0546919706,0,16547.31,671687.0546919706,107301.08409599168,564385.9705959784,27108.015951445952
320,1672257600000,2022-12-28 20:00:00,TRXUSDT,short,-104608.06139524872,139.29169293641638,667078.9932967218,-1,16547.31,567078.9932967218,107301.08409599168,459777.9092007297,27247.307644382367
321,1673467200000,2023-01-11 20:00:00,IOSTUSDT,long,27810.758721253656,133.41579865934438,694889.7520179754,0,17943.26,594889.7520179754,135111.84281724534,459777.9092007297,27380.723443041712
322,1673467200000,2023-01-11 20:00:00,ADAUSDT,long,19142.344585559655,133.41579865934438,714032.0966035351,0,17943.26,614032.0966035351,154254.187402805,459777.9092007297,27514.139241701057
323,1673467200000,2023-01-11 20:00:00,LINKUSDT,long,11425.321733123214,133.41579865934438,725457.4183366583,0,17943.26,625457.4183366583,165679.5091359282,459777.9092007297,27647.555040360403
324,1673467200000,2023-01-11 20:00:00,BTCUSDT,short,99928.43319584893,133.41579865934438,825385.8515325072,1,17943.26,725385.8515325072,165679.5091359282,559706.3423965786,27780.97083901975
325,1674676800000,2023-01-25 20:00:00,IOSTUSDT,long,5478.333056830689,110.05144687100098,830864.1845893379,0,23060.94,730864.1845893379,171157.8421927589,559706.3423965786,27891.02228589075
326,1674676800000,2023-01-25 20:00:00,IOTAUSDT,long,5071.959301544473,110.05144687100098,835936.1438908824,0,23060.94,735936.1438908824,176229.80149430336,559706.3423965786,28001.073732761753
327,1674676800000,2023-01-25 20:00:00,QTUMUSDT,long,13828.654801404698,110.05144687100098,849764.7986922871,0,23060.94,749764.7986922871,190058.45629570805,559706.3423965786,28111.125179632756
328,1674676800000,2023-01-25 20:00:00,XMRUSDT,short,41159.241129754366,110.05144687100098,890924.0398220414,1,23060.94,790924.0398220414,190058.45629570805,600865.583526333,28221.17662650376
329,1674676800000,2023-01-25 20:00:00,XTZUSDT,short,41159.241129754366,110.05144687100098,932083.2809517958,1,23060.94,832083.2809517958,190058.45629570805,642024.8246560873,28331.22807337476
330,1674676800000,2023-01-25 20:00:00,LTCUSDT,short,-41379.34402349637,110.05144687100098,890703.9369282994,-1,23060.94,790703.9369282994,190058.45629570805,600645.480632591,28441.279520245764
331,1675886400000,2023-02-08 20:00:00,IOSTUSDT,long,10183.1143974211,178.14078738565988,900887.0513257205,0,22963.0,800887.0513257205,200241.57069312915,600645.480632591,28619.420307631422
332,1675886400000,2023-02-08 20:00:00,ADAUSDT,long,-1194.4104922986915,178.14078738565988,899692.6408334218,0,22963.0,799692.6408334218,199047.16020083046,600645.480632591,28797.56109501708
333,1675886400000,2023-02-08 20:00:00,DASHUSDT,long,20313.798631847523,178.14078738565988,920006.4394652693,0,22963.0,820006.4394652693,219360.95883267798,600645.480632591,28975.70188240274
334,1675886400000,2023-02-08 20:00:00,XMRUSDT,short,133427.44975185927,178.14078738565988,1053433.8892171285,1,22963.0,953433.8892171286,219360.95883267798,734072.9303844502,29153.8426697884
