timestamp,Bitcoin,isPartial
1483228800000,16,False
1483315200000,26,False
1483401600000,25,False
1483488000000,27,False
1483574400000,34,False
1483660800000,30,False
1483747200000,25,False
1483833600000,24,False
1483920000000,22,False
1484006400000,20,False
1484092800000,23,False
1484179200000,24,False
1484265600000,19,False
1484352000000,18,False
1484438400000,17,False
1484524800000,16,False
1484611200000,18,False
1484697600000,17,False
1484784000000,17,False
1484870400000,16,False
1484956800000,15,False
1485043200000,15,False
1485129600000,16,False
1485216000000,16,False
1485302400000,15,False
1485388800000,14,False
1485475200000,14,False
1485561600000,14,False
1485648000000,14,False
1485734400000,15,False
1485820800000,16,False
1485907200000,17,False
1485993600000,17,False
1486080000000,17,False
1486166400000,16,False
1486252800000,16,False
1486339200000,17,False
1486425600000,16,False
1486512000000,17,False
1486598400000,18,False
1486684800000,17,False
1486771200000,16,False
1486857600000,15,False
1486944000000,15,False
1487030400000,15,False
1487116800000,16,False
1487203200000,17,False
1487289600000,16,False
1487376000000,16,False
1487462400000,14,False
1487548800000,16,False
1487635200000,19,False
1487721600000,18,False
1487808000000,21,False
1487894400000,22,False
1487980800000,19,False
1488067200000,18,False
1488153600000,18,False
1488240000000,19,False
1488326400000,19,False
1488412800000,23,False
1488499200000,31,False
1488585600000,26,False
1488672000000,22,False
1488758400000,23,False
1488844800000,25,False
1488931200000,23,False
1489017600000,22,False
1489104000000,31,False
1489190400000,27,False
1489276800000,21,False
1489363200000,22,False
1489449600000,21,False
1489536000000,20,False
1489622400000,20,False
1489708800000,21,False
1489795200000,25,False
1489881600000,23,False
1489968000000,21,False
1490054400000,21,False
1490140800000,21,False
1490227200000,19,False
1490313600000,21,False
1490400000000,22,False
1490486400000,20,False
1490572800000,19,False
1490659200000,19,False
1490745600000,19,False
1490832000000,17,False
1490918400000,18,False
1491004800000,18,False
1491091200000,17,False
1491177600000,18,False
1491264000000,19,False
1491350400000,17,False
1491436800000,18,False
1491523200000,18,False
1491609600000,18,False
1491696000000,17,False
1491782400000,17,False
1491868800000,19,False
1491955200000,18,False
1492041600000,18,False
1492128000000,16,False
1492214400000,16,False
1492300800000,16,False
1492387200000,17,False
1492473600000,19,False
1492560000000,17,False
1492646400000,17,False
1492732800000,18,False
1492819200000,17,False
1492905600000,15,False
1492992000000,17,False
1493078400000,20,False
1493164800000,20,False
1493251200000,21,False
1493337600000,21,False
1493424000000,19,False
1493510400000,19,False
1493596800000,22,False
1493683200000,26,False
1493769600000,26,False
1493856000000,34,False
1493942400000,29,False
1494028800000,26,False
1494115200000,25,False
1494201600000,28,False
1494288000000,34,False
1494374400000,31,False
1494460800000,37,False
1494547200000,41,False
1494633600000,43,False
1494720000000,36,False
1494806400000,49,False
1494892800000,42,False
1494979200000,37,False
1495065600000,32,False
1495152000000,38,False
1495238400000,38,False
1495324800000,38,False
1495411200000,65,False
1495497600000,71,False
1495584000000,77,False
1495670400000,100,False
1495756800000,83,False
1495843200000,67,False
1495929600000,47,False
1496016000000,45,False
1496102400000,47,False
1496188800000,45,False
1496275200000,43,False
1496361600000,39,False
1496448000000,39,False
1496534400000,35,False
1496620800000,41,False
1496707200000,60,False
1496793600000,52,False
1496880000000,43,False
1496966400000,43,False
1497052800000,39,False
1497139200000,41,False
1497225600000,56,False
1497312000000,49,False
1497398400000,47,False
1497484800000,60,False
1497571200000,45,False
1497657600000,36,False
1497744000000,37,False
1497830400000,35,False
1497916800000,38,False
1498003200000,41,False
1498089600000,41,False
1498176000000,37,False
1498262400000,35,False
1498348800000,36,False
1498435200000,43,False
1498521600000,49,False
1498608000000,46,False
1498694400000,36,False
1498780800000,36,False
1498867200000,6,False
1498953600000,5,False
1499040000000,5,False
1499126400000,6,False
1499212800000,5,False
1499299200000,5,False
1499385600000,5,False
1499472000000,5,False
1499558400000,5,False
1499644800000,6,False
1499731200000,6,False
1499817600000,6,False
1499904000000,6,False
1499990400000,6,False
1500076800000,6,False
1500163200000,7,False
1500249600000,7,False
1500336000000,7,False
1500422400000,6,False
1500508800000,7,False
1500595200000,7,False
1500681600000,6,False
1500768000000,6,False
1500854400000,6,False
1500940800000,6,False
1501027200000,6,False
1501113600000,6,False
1501200000000,7,False
1501286400000,6,False
1501372800000,6,False
1501459200000,7,False
1501545600000,13,False
1501632000000,12,False
1501718400000,8,False
1501804800000,7,False
1501891200000,9,False
1501977600000,7,False
1502064000000,9,False
1502150400000,10,False
1502236800000,8,False
1502323200000,7,False
1502409600000,8,False
1502496000000,10,False
1502582400000,11,False
1502668800000,14,False
1502755200000,13,False
1502841600000,11,False
1502928000000,11,False
1503014400000,11,False
1503100800000,10,False
1503187200000,10,False
1503273600000,10,False
1503360000000,11,False
1503446400000,10,False
1503532800000,9,False
1503619200000,9,False
1503705600000,8,False
1503792000000,7,False
1503878400000,9,False
1503964800000,10,False
1504051200000,10,False
1504137600000,11,False
1504224000000,12,False
1504310400000,12,False
1504396800000,11,False
1504483200000,13,False
1504569600000,12,False
1504656000000,11,False
1504742400000,10,False
1504828800000,11,False
1504915200000,9,False
1505001600000,8,False
1505088000000,10,False
1505174400000,10,False
1505260800000,13,False
1505347200000,17,False
1505433600000,19,False
1505520000000,13,False
1505606400000,9,False
1505692800000,11,False
1505779200000,11,False
1505865600000,10,False
1505952000000,9,False
1506038400000,8,False
1506124800000,7,False
1506211200000,6,False
1506297600000,7,False
1506384000000,7,False
1506470400000,8,False
1506556800000,8,False
1506643200000,7,False
1506729600000,7,False
1506816000000,6,False
1506902400000,8,False
1506988800000,8,False
1507075200000,7,False
1507161600000,7,False
1507248000000,7,False
1507334400000,6,False
1507420800000,7,False
1507507200000,9,False
1507593600000,10,False
1507680000000,9,False
1507766400000,15,False
1507852800000,18,False
1507939200000,12,False
1508025600000,11,False
1508112000000,12,False
1508198400000,11,False
1508284800000,11,False
1508371200000,11,False
1508457600000,13,False
1508544000000,15,False
1508630400000,12,False
1508716800000,14,False
1508803200000,15,False
1508889600000,13,False
1508976000000,13,False
1509062400000,11,False
1509148800000,10,False
1509235200000,10,False
1509321600000,12,False
1509408000000,14,False
1509494400000,17,False
1509580800000,24,False
1509667200000,22,False
1509753600000,16,False
1509840000000,17,False
1509926400000,17,False
1510012800000,17,False
1510099200000,19,False
1510185600000,16,False
1510272000000,21,False
1510358400000,19,False
1510444800000,25,False
1510531200000,21,False
1510617600000,17,False
1510704000000,17,False
1510790400000,18,False
1510876800000,20,False
1510963200000,16,False
1511049600000,14,False
1511136000000,19,False
1511222400000,20,False
1511308800000,17,False
1511395200000,16,False
1511481600000,16,False
1511568000000,16,False
1511654400000,24,False
1511740800000,32,False
1511827200000,39,False
1511913600000,62,False
1512000000000,50,False
1512086400000,38,False
1512172800000,29,False
1512259200000,29,False
1512345600000,34,False
1512432000000,34,False
1512518400000,49,False
1512604800000,99,False
1512691200000,89,False
1512777600000,57,False
1512864000000,54,False
1512950400000,63,False
1513036800000,61,False
1513123200000,54,False
1513209600000,46,False
1513296000000,42,False
1513382400000,44,False
1513468800000,48,False
1513555200000,49,False
1513641600000,51,False
1513728000000,66,False
1513814400000,51,False
1513900800000,100,False
1513987200000,62,False
1514073600000,46,False
1514160000000,41,False
1514246400000,40,False
1514332800000,40,False
1514419200000,39,False
1514505600000,31,False
1514592000000,34,False
1514678400000,27,False
1514764800000,44,False
1514851200000,54,False
1514937600000,55,False
1515024000000,49,False
1515110400000,51,False
1515196800000,48,False
1515283200000,48,False
1515369600000,51,False
1515456000000,49,False
1515542400000,47,False
1515628800000,53,False
1515715200000,46,False
1515801600000,41,False
1515888000000,36,False
1515974400000,37,False
1516060800000,77,False
1516147200000,100,False
1516233600000,71,False
1516320000000,49,False
1516406400000,43,False
1516492800000,39,False
1516579200000,45,False
1516665600000,43,False
1516752000000,41,False
1516838400000,39,False
1516924800000,39,False
1517011200000,32,False
1517097600000,30,False
1517184000000,31,False
1517270400000,38,False
1517356800000,39,False
1517443200000,47,False
1517529600000,66,False
1517616000000,42,False
1517702400000,36,False
1517788800000,65,False
1517875200000,82,False
1517961600000,52,False
1518048000000,42,False
1518134400000,38,False
1518220800000,30,False
1518307200000,27,False
1518393600000,31,False
1518480000000,28,False
1518566400000,26,False
1518652800000,30,False
1518739200000,27,False
1518825600000,26,False
1518912000000,27,False
1518998400000,26,False
1519084800000,29,False
1519171200000,28,False
1519257600000,26,False
1519344000000,23,False
1519430400000,20,False
1519516800000,19,False
1519603200000,21,False
1519689600000,22,False
1519776000000,20,False
1519862400000,19,False
1519948800000,20,False
1520035200000,18,False
1520121600000,17,False
1520208000000,20,False
1520294400000,19,False
1520380800000,21,False
1520467200000,22,False
1520553600000,24,False
1520640000000,17,False
1520726400000,17,False
1520812800000,20,False
1520899200000,18,False
1520985600000,21,False
1521072000000,24,False
1521158400000,21,False
1521244800000,17,False
1521331200000,22,False
1521417600000,21,False
1521504000000,19,False
1521590400000,18,False
1521676800000,18,False
1521763200000,17,False
1521849600000,15,False
1521936000000,14,False
1522022400000,20,False
1522108800000,19,False
1522195200000,17,False
1522281600000,20,False
1522368000000,23,False
1522454400000,16,False
1522540800000,18,False
1522627200000,19,False
1522713600000,17,False
1522800000000,17,False
1522886400000,17,False
1522972800000,19,False
1523059200000,14,False
1523145600000,12,False
1523232000000,16,False
1523318400000,16,False
1523404800000,15,False
1523491200000,18,False
1523577600000,19,False
1523664000000,14,False
1523750400000,13,False
1523836800000,15,False
1523923200000,15,False
1524009600000,15,False
1524096000000,15,False
1524182400000,15,False
1524268800000,13,False
1524355200000,13,False
1524441600000,16,False
1524528000000,18,False
1524614400000,17,False
1524700800000,15,False
1524787200000,13,False
1524873600000,11,False
1524960000000,11,False
1525046400000,13,False
1525132800000,12,False
1525219200000,12,False
1525305600000,14,False
1525392000000,13,False
1525478400000,11,False
1525564800000,12,False
1525651200000,13,False
1525737600000,13,False
1525824000000,12,False
1525910400000,12,False
1525996800000,14,False
1526083200000,12,False
1526169600000,10,False
1526256000000,12,False
1526342400000,12,False
1526428800000,12,False
1526515200000,11,False
1526601600000,11,False
1526688000000,10,False
1526774400000,10,False
1526860800000,11,False
1526947200000,11,False
1527033600000,14,False
1527120000000,14,False
1527206400000,11,False
1527292800000,9,False
1527379200000,10,False
1527465600000,11,False
1527552000000,11,False
1527638400000,11,False
1527724800000,10,False
1527811200000,9,False
1527897600000,9,False
1527984000000,9,False
1528070400000,9,False
1528156800000,10,False
1528243200000,9,False
1528329600000,9,False
1528416000000,10,False
1528502400000,9,False
1528588800000,11,False
1528675200000,17,False
1528761600000,13,False
1528848000000,15,False
1528934400000,13,False
1529020800000,11,False
1529107200000,9,False
1529193600000,9,False
1529280000000,10,False
1529366400000,10,False
1529452800000,9,False
1529539200000,9,False
1529625600000,12,False
1529712000000,11,False
1529798400000,12,False
1529884800000,11,False
1529971200000,10,False
1530057600000,9,False
1530144000000,9,False
1530230400000,12,False
1530316800000,11,False
1530403200000,43,False
1530489600000,49,False
1530576000000,45,False
1530662400000,43,False
1530748800000,44,False
1530835200000,41,False
1530921600000,35,False
1531008000000,43,False
1531094400000,41,False
1531180800000,42,False
1531267200000,40,False
1531353600000,43,False
1531440000000,43,False
1531526400000,36,False
1531612800000,38,False
1531699200000,45,False
1531785600000,62,False
1531872000000,67,False
1531958400000,53,False
1532044800000,49,False
1532131200000,45,False
1532217600000,45,False
1532304000000,49,False
1532390400000,72,False
1532476800000,67,False
1532563200000,57,False
1532649600000,57,False
1532736000000,46,False
1532822400000,44,False
1532908800000,47,False
1532995200000,55,False
1533081600000,49,False
1533168000000,46,False
1533254400000,47,False
1533340800000,46,False
1533427200000,44,False
1533513600000,46,False
1533600000000,48,False
1533686400000,62,False
1533772800000,54,False
1533859200000,47,False
1533945600000,50,False
1534032000000,43,False
1534118400000,50,False
1534204800000,67,False
1534291200000,55,False
1534377600000,48,False
1534464000000,44,False
1534550400000,42,False
1534636800000,40,False
1534723200000,42,False
1534809600000,43,False
1534896000000,49,False
1534982400000,45,False
1535068800000,43,False
1535155200000,41,False
1535241600000,38,False
1535328000000,43,False
1535414400000,49,False
1535500800000,48,False
1535587200000,44,False
1535673600000,44,False
1535760000000,41,False
1535846400000,41,False
1535932800000,42,False
1536019200000,47,False
1536105600000,54,False
1536192000000,69,False
1536278400000,47,False
1536364800000,42,False
1536451200000,41,False
1536537600000,42,False
1536624000000,44,False
1536710400000,49,False
1536796800000,46,False
1536883200000,42,False
1536969600000,39,False
1537056000000,37,False
1537142400000,41,False
1537228800000,41,False
1537315200000,41,False
1537401600000,39,False
1537488000000,43,False
1537574400000,40,False
1537660800000,37,False
1537747200000,40,False
1537833600000,40,False
1537920000000,42,False
1538006400000,39,False
1538092800000,40,False
1538179200000,32,False
1538265600000,37,False
1538352000000,36,False
1538438400000,39,False
1538524800000,38,False
1538611200000,38,False
1538697600000,35,False
1538784000000,31,False
1538870400000,31,False
1538956800000,38,False
1539043200000,38,False
1539129600000,39,False
1539216000000,48,False
1539302400000,42,False
1539388800000,36,False
1539475200000,35,False
1539561600000,44,False
1539648000000,41,False
1539734400000,37,False
1539820800000,39,False
1539907200000,37,False
1539993600000,35,False
1540080000000,33,False
1540166400000,39,False
1540252800000,34,False
1540339200000,35,False
1540425600000,35,False
1540512000000,35,False
1540598400000,32,False
1540684800000,29,False
1540771200000,36,False
1540857600000,38,False
1540944000000,38,False
1541030400000,37,False
1541116800000,36,False
1541203200000,36,False
1541289600000,35,False
1541376000000,38,False
1541462400000,38,False
1541548800000,38,False
1541635200000,37,False
1541721600000,36,False
1541808000000,33,False
1541894400000,34,False
1541980800000,35,False
1542067200000,35,False
1542153600000,58,False
1542240000000,69,False
1542326400000,43,False
1542412800000,40,False
1542499200000,40,False
1542585600000,69,False
1542672000000,100,False
1542758400000,79,False
1542844800000,54,False
1542931200000,60,False
1543017600000,52,False
1543104000000,82,False
1543190400000,82,False
1543276800000,79,False
1543363200000,68,False
1543449600000,58,False
1543536000000,51,False
1543622400000,49,False
1543708800000,38,False
1543795200000,51,False
1543881600000,50,False
1543968000000,49,False
1544054400000,53,False
1544140800000,76,False
1544227200000,53,False
1544313600000,45,False
1544400000000,49,False
1544486400000,48,False
1544572800000,46,False
1544659200000,48,False
1544745600000,51,False
1544832000000,44,False
1544918400000,42,False
1545004800000,56,False
1545091200000,52,False
1545177600000,59,False
1545264000000,62,False
1545350400000,48,False
1545436800000,44,False
1545523200000,42,False
1545609600000,49,False
1545696000000,48,False
1545782400000,47,False
1545868800000,41,False
1545955200000,45,False
1546041600000,43,False
1546128000000,40,False
1546214400000,40,False
1546300800000,21,False
1546387200000,23,False
1546473600000,23,False
1546560000000,23,False
1546646400000,20,False
1546732800000,21,False
1546819200000,21,False
1546905600000,22,False
1546992000000,23,False
1547078400000,25,False
1547164800000,22,False
1547251200000,20,False
1547337600000,19,False
1547424000000,21,False
1547510400000,21,False
1547596800000,20,False
1547683200000,18,False
1547769600000,19,False
1547856000000,18,False
1547942400000,19,False
1548028800000,19,False
1548115200000,18,False
1548201600000,20,False
1548288000000,20,False
1548374400000,19,False
1548460800000,16,False
1548547200000,18,False
1548633600000,21,False
1548720000000,22,False
1548806400000,19,False
1548892800000,18,False
1548979200000,18,False
1549065600000,16,False
1549152000000,16,False
1549238400000,19,False
1549324800000,22,False
1549411200000,21,False
1549497600000,21,False
1549584000000,20,False
1549670400000,20,False
1549756800000,20,False
1549843200000,18,False
1549929600000,19,False
1550016000000,18,False
1550102400000,18,False
1550188800000,18,False
1550275200000,16,False
1550361600000,17,False
1550448000000,22,False
1550534400000,21,False
1550620800000,21,False
1550707200000,20,False
1550793600000,20,False
1550880000000,21,False
1550966400000,25,False
1551052800000,20,False
1551139200000,19,False
1551225600000,18,False
1551312000000,20,False
1551398400000,18,False
1551484800000,16,False
1551571200000,17,False
1551657600000,18,False
1551744000000,17,False
1551830400000,19,False
1551916800000,18,False
1552003200000,17,False
1552089600000,18,False
1552176000000,16,False
1552262400000,17,False
1552348800000,17,False
1552435200000,18,False
1552521600000,15,False
1552608000000,17,False
1552694400000,18,False
1552780800000,16,False
1552867200000,18,False
1552953600000,18,False
1553040000000,19,False
1553126400000,17,False
1553212800000,19,False
1553299200000,16,False
1553385600000,15,False
1553472000000,18,False
1553558400000,16,False
1553644800000,22,False
1553731200000,18,False
1553817600000,17,False
1553904000000,18,False
1553990400000,16,False
1554076800000,19,False
1554163200000,44,False
1554249600000,47,False
1554336000000,34,False
1554422400000,26,False
1554508800000,23,False
1554595200000,23,False
1554681600000,27,False
1554768000000,25,False
1554854400000,25,False
1554940800000,25,False
1555027200000,23,False
1555113600000,21,False
1555200000000,19,False
1555286400000,21,False
1555372800000,22,False
1555459200000,23,False
1555545600000,22,False
1555632000000,22,False
1555718400000,20,False
1555804800000,20,False
1555891200000,21,False
1555977600000,29,False
1556064000000,24,False
1556150400000,23,False
1556236800000,24,False
1556323200000,19,False
1556409600000,18,False
1556496000000,20,False
1556582400000,20,False
1556668800000,20,False
1556755200000,21,False
1556841600000,25,False
1556928000000,21,False
1557014400000,22,False
1557100800000,22,False
1557187200000,27,False
1557273600000,27,False
1557360000000,31,False
1557446400000,32,False
1557532800000,42,False
1557619200000,49,False
1557705600000,54,False
1557792000000,61,False
1557878400000,49,False
1557964800000,46,False
1558051200000,48,False
1558137600000,33,False
1558224000000,38,False
1558310400000,39,False
1558396800000,39,False
1558483200000,36,False
1558569600000,32,False
1558656000000,31,False
1558742400000,27,False
1558828800000,29,False
1558915200000,46,False
1559001600000,39,False
1559088000000,40,False
1559174400000,40,False
1559260800000,39,False
1559347200000,28,False
1559433600000,29,False
1559520000000,31,False
1559606400000,38,False
1559692800000,32,False
1559779200000,29,False
1559865600000,31,False
1559952000000,23,False
1560038400000,25,False
1560124800000,27,False
1560211200000,28,False
1560297600000,28,False
1560384000000,26,False
1560470400000,29,False
1560556800000,28,False
1560643200000,38,False
1560729600000,40,False
1560816000000,39,False
1560902400000,36,False
1560988800000,37,False
1561075200000,46,False
1561161600000,71,False
1561248000000,51,False
1561334400000,53,False
1561420800000,55,False
1561507200000,100,False
1561593600000,91,False
1561680000000,63,False
1561766400000,49,False
1561852800000,44,False
1561939200000,100,False
1562025600000,99,False
1562112000000,87,False
1562198400000,86,False
1562284800000,76,False
1562371200000,65,False
1562457600000,61,False
1562544000000,78,False
1562630400000,99,False
1562716800000,98,False
1562803200000,86,False
1562889600000,82,False
1562976000000,66,False
1563062400000,70,False
1563148800000,87,False
1563235200000,90,False
1563321600000,94,False
1563408000000,84,False
1563494400000,72,False
1563580800000,63,False
1563667200000,57,False
1563753600000,63,False
1563840000000,69,False
1563926400000,70,False
1564012800000,68,False
1564099200000,56,False
1564185600000,56,False
1564272000000,57,False
1564358400000,59,False
1564444800000,62,False
1564531200000,60,False
1564617600000,59,False
1564704000000,65,False
1564790400000,51,False
1564876800000,56,False
1564963200000,86,False
1565049600000,89,False
1565136000000,81,False
1565222400000,72,False
1565308800000,68,False
1565395200000,56,False
1565481600000,53,False
1565568000000,61,False
1565654400000,68,False
1565740800000,74,False
1565827200000,79,False
1565913600000,64,False
1566000000000,51,False
1566086400000,48,False
1566172800000,60,False
1566259200000,61,False
1566345600000,66,False
1566432000000,61,False
1566518400000,53,False
1566604800000,47,False
1566691200000,52,False
1566777600000,51,False
1566864000000,60,False
1566950400000,57,False
1567036800000,63,False
1567123200000,53,False
1567209600000,45,False
1567296000000,41,False
1567382400000,54,False
1567468800000,61,False
1567555200000,58,False
1567641600000,51,False
1567728000000,52,False
1567814400000,42,False
1567900800000,44,False
1567987200000,49,False
1568073600000,46,False
1568160000000,52,False
1568246400000,45,False
1568332800000,42,False
1568419200000,40,False
1568505600000,40,False
1568592000000,45,False
1568678400000,46,False
1568764800000,42,False
1568851200000,47,False
1568937600000,42,False
1569024000000,40,False
1569110400000,40,False
1569196800000,46,False
1569283200000,63,False
1569369600000,79,False
1569456000000,72,False
1569542400000,62,False
1569628800000,49,False
1569715200000,46,False
1569801600000,53,False
1569888000000,52,False
1569974400000,51,False
1570060800000,49,False
1570147200000,44,False
1570233600000,42,False
1570320000000,41,False
1570406400000,46,False
1570492800000,47,False
1570579200000,47,False
1570665600000,44,False
1570752000000,45,False
1570838400000,39,False
1570924800000,39,False
1571011200000,42,False
1571097600000,42,False
1571184000000,44,False
1571270400000,40,False
1571356800000,42,False
1571443200000,39,False
1571529600000,40,False
1571616000000,42,False
1571702400000,40,False
1571788800000,56,False
1571875200000,53,False
1571961600000,58,False
1572048000000,82,False
1572134400000,54,False
1572220800000,66,False
1572307200000,54,False
1572393600000,46,False
1572480000000,47,False
1572566400000,51,False
1572652800000,41,False
1572739200000,41,False
1572825600000,44,False
1572912000000,46,False
1572998400000,45,False
1573084800000,44,False
1573171200000,44,False
1573257600000,40,False
1573344000000,40,False
1573430400000,42,False
1573516800000,39,False
1573603200000,42,False
1573689600000,38,False
1573776000000,39,False
1573862400000,35,False
1573948800000,39,False
1574035200000,42,False
1574121600000,45,False
1574208000000,42,False
1574294400000,53,False
1574380800000,63,False
1574467200000,48,False
1574553600000,43,False
1574640000000,64,False
1574726400000,55,False
1574812800000,50,False
1574899200000,47,False
1574985600000,42,False
1575072000000,40,False
1575158400000,40,False
1575244800000,43,False
1575331200000,41,False
1575417600000,43,False
1575504000000,41,False
1575590400000,38,False
1575676800000,38,False
1575763200000,36,False
1575849600000,39,False
1575936000000,40,False
1576022400000,41,False
1576108800000,37,False
1576195200000,40,False
1576281600000,39,False
1576368000000,37,False
1576454400000,40,False
1576540800000,55,False
1576627200000,49,False
1576713600000,46,False
1576800000000,44,False
1576886400000,40,False
1576972800000,37,False
1577059200000,44,False
1577145600000,40,False
1577232000000,41,False
1577318400000,40,False
1577404800000,41,False
1577491200000,41,False
1577577600000,40,False
1577664000000,40,False
1577750400000,42,False
1577836800000,22,False
1577923200000,25,False
1578009600000,27,False
1578096000000,25,False
1578182400000,25,False
1578268800000,27,False
1578355200000,37,False
1578441600000,38,False
1578528000000,31,False
1578614400000,28,False
1578700800000,25,False
1578787200000,24,False
1578873600000,25,False
1578960000000,39,False
1579046400000,37,False
1579132800000,31,False
1579219200000,34,False
1579305600000,29,False
1579392000000,31,False
1579478400000,29,False
1579564800000,28,False
1579651200000,27,False
1579737600000,26,False
1579824000000,24,False
1579910400000,23,False
1579996800000,23,False
1580083200000,27,False
1580169600000,33,False
1580256000000,34,False
1580342400000,34,False
1580428800000,31,False
1580515200000,27,False
1580601600000,27,False
1580688000000,26,False
1580774400000,29,False
1580860800000,34,False
1580947200000,34,False
1581033600000,31,False
1581120000000,29,False
1581206400000,41,False
1581292800000,35,False
1581379200000,38,False
1581465600000,42,False
1581552000000,37,False
1581638400000,32,False
1581724800000,30,False
1581811200000,27,False
1581897600000,32,False
1581984000000,32,False
1582070400000,35,False
1582156800000,33,False
1582243200000,31,False
1582329600000,25,False
1582416000000,27,False
1582502400000,33,False
1582588800000,33,False
1582675200000,37,False
1582761600000,35,False
1582848000000,38,False
1582934400000,28,False
1583020800000,28,False
1583107200000,30,False
1583193600000,31,False
1583280000000,30,False
1583366400000,31,False
1583452800000,31,False
1583539200000,25,False
1583625600000,28,False
1583712000000,52,False
1583798400000,41,False
1583884800000,35,False
1583971200000,74,False
1584057600000,100,False
1584144000000,64,False
1584230400000,56,False
1584316800000,70,False
1584403200000,58,False
1584489600000,56,False
1584576000000,59,False
1584662400000,58,False
1584748800000,51,False
1584835200000,44,False
1584921600000,49,False
1585008000000,48,False
1585094400000,42,False
1585180800000,40,False
1585267200000,37,False
1585353600000,40,False
1585440000000,37,False
1585526400000,40,False
1585612800000,36,False
1585699200000,36,False
1585785600000,42,False
1585872000000,37,False
1585958400000,37,False
1586044800000,33,False
1586131200000,41,False
1586217600000,41,False
1586304000000,38,False
1586390400000,36,False
1586476800000,38,False
1586563200000,37,False
1586649600000,35,False
1586736000000,39,False
1586822400000,37,False
1586908800000,36,False
1586995200000,40,False
1587081600000,35,False
1587168000000,35,False
1587254400000,35,False
1587340800000,34,False
1587427200000,35,False
1587513600000,34,False
1587600000000,37,False
1587686400000,40,False
1587772800000,38,False
1587859200000,38,False
1587945600000,38,False
1588032000000,37,False
1588118400000,57,False
1588204800000,64,False
1588291200000,49,False
1588377600000,46,False
1588464000000,45,False
1588550400000,43,False
1588636800000,45,False
1588723200000,49,False
1588809600000,60,False
1588896000000,66,False
1588982400000,58,False
1589068800000,73,False
1589155200000,89,False
1589241600000,65,False
1589328000000,55,False
1589414400000,56,False
1589500800000,50,False
1589587200000,44,False
1589673600000,44,False
1589760000000,46,False
1589846400000,42,False
1589932800000,40,False
1590019200000,45,False
1590105600000,41,False
1590192000000,35,False
1590278400000,37,False
1590364800000,42,False
1590451200000,41,False
1590537600000,39,False
1590624000000,38,False
1590710400000,36,False
1590796800000,33,False
1590883200000,34,False
1590969600000,34,False
1591056000000,47,False
1591142400000,39,False
1591228800000,36,False
1591315200000,35,False
1591401600000,31,False
1591488000000,33,False
1591574400000,34,False
1591660800000,33,False
1591747200000,34,False
1591833600000,37,False
1591920000000,34,False
1592006400000,28,False
1592092800000,27,False
1592179200000,35,False
1592265600000,33,False
1592352000000,31,False
1592438400000,30,False
1592524800000,29,False
1592611200000,26,False
1592697600000,25,False
1592784000000,31,False
1592870400000,32,False
1592956800000,31,False
1593043200000,29,False
1593129600000,29,False
1593216000000,27,False
1593302400000,29,False
1593388800000,29,False
1593475200000,28,False
1593561600000,18,False
1593648000000,19,False
1593734400000,16,False
1593820800000,16,False
1593907200000,17,False
1593993600000,19,False
1594080000000,19,False
1594166400000,21,False
1594252800000,19,False
1594339200000,18,False
1594425600000,16,False
1594512000000,17,False
1594598400000,19,False
1594684800000,20,False
1594771200000,24,False
1594857600000,28,False
1594944000000,20,False
1595030400000,29,False
1595116800000,17,False
1595203200000,16,False
1595289600000,19,False
1595376000000,19,False
1595462400000,22,False
1595548800000,20,False
1595635200000,21,False
1595721600000,26,False
1595808000000,37,False
1595894400000,41,False
1595980800000,31,False
1596067200000,29,False
1596153600000,30,False
1596240000000,37,False
1596326400000,36,False
1596412800000,30,False
1596499200000,27,False
1596585600000,30,False
1596672000000,32,False
1596758400000,30,False
1596844800000,26,False
1596931200000,24,False
1597017600000,31,False
1597104000000,29,False
1597190400000,27,False
1597276800000,25,False
1597363200000,26,False
1597449600000,25,False
1597536000000,24,False
1597622400000,30,False
1597708800000,28,False
1597795200000,28,False
1597881600000,26,False
1597968000000,23,False
1598054400000,21,False
1598140800000,20,False
1598227200000,23,False
1598313600000,24,False
1598400000000,22,False
1598486400000,22,False
1598572800000,21,False
1598659200000,18,False
1598745600000,18,False
1598832000000,20,False
1598918400000,23,False
1599004800000,24,False
1599091200000,26,False
1599177600000,29,False
1599264000000,25,False
1599350400000,23,False
1599436800000,23,False
1599523200000,22,False
1599609600000,21,False
1599696000000,20,False
1599782400000,19,False
1599868800000,18,False
1599955200000,17,False
1600041600000,19,False
1600128000000,20,False
1600214400000,21,False
1600300800000,19,False
1600387200000,17,False
1600473600000,17,False
1600560000000,16,False
1600646400000,19,False
1600732800000,19,False
1600819200000,18,False
1600905600000,17,False
1600992000000,18,False
1601078400000,16,False
1601164800000,15,False
1601251200000,16,False
1601337600000,17,False
1601424000000,16,False
1601510400000,16,False
1601596800000,17,False
1601683200000,15,False
1601769600000,15,False
1601856000000,16,False
1601942400000,16,False
1602028800000,15,False
1602115200000,16,False
1602201600000,17,False
1602288000000,18,False
1602374400000,18,False
1602460800000,18,False
1602547200000,19,False
1602633600000,19,False
1602720000000,18,False
1602806400000,18,False
1602892800000,16,False
1602979200000,16,False
1603065600000,19,False
1603152000000,22,False
1603238400000,34,False
1603324800000,35,False
1603411200000,31,False
1603497600000,24,False
1603584000000,23,False
1603670400000,27,False
1603756800000,31,False
1603843200000,31,False
1603929600000,28,False
1604016000000,26,False
1604102400000,28,False
1604188800000,25,False
1604275200000,27,False
1604361600000,25,False
1604448000000,23,False
1604534400000,36,False
1604620800000,41,False
1604707200000,32,False
1604793600000,30,False
1604880000000,32,False
1604966400000,28,False
1605052800000,29,False
1605139200000,34,False
1605225600000,35,False
1605312000000,31,False
1605398400000,26,False
1605484800000,34,False
1605571200000,46,False
1605657600000,57,False
1605744000000,45,False
1605830400000,49,False
1605916800000,47,False
1606003200000,41,False
1606089600000,46,False
1606176000000,60,False
1606262400000,55,False
1606348800000,63,False
1606435200000,44,False
1606521600000,38,False
1606608000000,37,False
1606694400000,50,False
1606780800000,55,False
1606867200000,42,False
1606953600000,39,False
1607040000000,38,False
1607126400000,36,False
1607212800000,32,False
1607299200000,35,False
1607385600000,34,False
1607472000000,35,False
1607558400000,32,False
1607644800000,33,False
1607731200000,29,False
1607817600000,30,False
1607904000000,32,False
1607990400000,33,False
1608076800000,63,False
1608163200000,100,False
1608249600000,66,False
1608336000000,57,False
1608422400000,57,False
1608508800000,64,False
1608595200000,52,False
1608681600000,49,False
1608768000000,44,False
1608854400000,49,False
1608940800000,74,False
1609027200000,97,False
1609113600000,77,False
1609200000000,63,False
1609286400000,77,False
1609372800000,77,False
1609459200000,29,False
1609545600000,51,False
1609632000000,58,False
1609718400000,55,False
1609804800000,39,False
1609891200000,44,False
1609977600000,64,False
1610064000000,65,False
1610150400000,54,False
1610236800000,50,False
1610323200000,75,False
1610409600000,53,False
1610496000000,49,False
1610582400000,48,False
1610668800000,40,False
1610755200000,38,False
1610841600000,33,False
1610928000000,31,False
1611014400000,31,False
1611100800000,29,False
1611187200000,36,False
1611273600000,39,False
1611360000000,29,False
1611446400000,26,False
1611532800000,27,False
1611619200000,25,False
1611705600000,28,False
1611792000000,29,False
1611878400000,46,False
1611964800000,32,False
1612051200000,27,False
1612137600000,26,False
1612224000000,24,False
1612310400000,25,False
1612396800000,27,False
1612483200000,27,False
1612569600000,31,False
1612656000000,28,False
1612742400000,60,False
1612828800000,73,False
1612915200000,47,False
1613001600000,42,False
1613088000000,42,False
1613174400000,34,False
1613260800000,38,False
1613347200000,39,False
1613433600000,43,False
1613520000000,49,False
1613606400000,43,False
1613692800000,50,False
1613779200000,57,False
1613865600000,49,False
1613952000000,55,False
1614038400000,69,False
1614124800000,52,False
1614211200000,42,False
1614297600000,42,False
1614384000000,36,False
1614470400000,39,False
1614556800000,38,False
1614643200000,34,False
1614729600000,32,False
1614816000000,31,False
1614902400000,29,False
1614988800000,26,False
1615075200000,27,False
1615161600000,30,False
1615248000000,35,False
1615334400000,33,False
1615420800000,31,False
1615507200000,31,False
1615593600000,41,False
1615680000000,41,False
1615766400000,34,False
1615852800000,33,False
1615939200000,31,False
1616025600000,31,False
1616112000000,28,False
1616198400000,26,False
1616284800000,27,False
1616371200000,28,False
1616457600000,28,False
1616544000000,32,False
1616630400000,34,False
1616716800000,28,False
1616803200000,26,False
1616889600000,24,False
1616976000000,27,False
1617062400000,30,False
1617148800000,29,False
1617235200000,31,False
1617321600000,27,False
1617408000000,26,False
1617494400000,25,False
1617580800000,26,False
1617667200000,25,False
1617753600000,25,False
1617840000000,24,False
1617926400000,22,False
1618012800000,26,False
1618099200000,25,False
1618185600000,26,False
1618272000000,36,False
1618358400000,40,False
1618444800000,34,False
1618531200000,36,False
1618617600000,29,False
1618704000000,53,False
1618790400000,44,False
1618876800000,38,False
1618963200000,30,False
1619049600000,36,False
1619136000000,53,False
1619222400000,40,False
1619308800000,34,False
1619395200000,37,False
1619481600000,32,False
1619568000000,30,False
1619654400000,27,False
1619740800000,27,False
1619827200000,26,False
1619913600000,24,False
1620000000000,27,False
1620086400000,28,False
1620172800000,28,False
1620259200000,27,False
1620345600000,25,False
1620432000000,26,False
1620518400000,26,False
1620604800000,28,False
1620691200000,27,False
1620777600000,28,False
1620864000000,66,False
1620950400000,41,False
1621036800000,33,False
1621123200000,36,False
1621209600000,52,False
1621296000000,40,False
1621382400000,100,False
1621468800000,78,False
1621555200000,59,False
1621641600000,52,False
1621728000000,61,False
1621814400000,55,False
1621900800000,43,False
1621987200000,39,False
1622073600000,34,False
1622160000000,36,False
1622246400000,33,False
1622332800000,33,False
1622419200000,32,False
1622505600000,30,False
1622592000000,31,False
1622678400000,30,False
1622764800000,34,False
1622851200000,29,False
1622937600000,32,False
1623024000000,32,False
1623110400000,41,False
1623196800000,38,False
1623283200000,34,False
1623369600000,27,False
1623456000000,24,False
1623542400000,25,False
1623628800000,32,False
1623715200000,25,False
1623801600000,25,False
1623888000000,22,False
1623974400000,22,False
1624060800000,20,False
1624147200000,22,False
1624233600000,33,False
1624320000000,43,False
1624406400000,32,False
1624492800000,26,False
1624579200000,26,False
1624665600000,25,False
1624752000000,24,False
1624838400000,25,False
1624924800000,24,False
1625011200000,21,False
1625097600000,45,False
1625184000000,42,False
1625270400000,40,False
1625356800000,46,False
1625443200000,44,False
1625529600000,41,False
1625616000000,37,False
1625702400000,40,False
1625788800000,38,False
1625875200000,34,False
1625961600000,34,False
1626048000000,37,False
1626134400000,38,False
1626220800000,39,False
1626307200000,39,False
1626393600000,39,False
1626480000000,35,False
1626566400000,35,False
1626652800000,44,False
1626739200000,56,False
1626825600000,53,False
1626912000000,46,False
1626998400000,40,False
1627084800000,42,False
1627171200000,41,False
1627257600000,75,False
1627344000000,58,False
1627430400000,53,False
1627516800000,45,False
1627603200000,45,False
1627689600000,45,False
1627776000000,43,False
1627862400000,44,False
1627948800000,41,False
1628035200000,40,False
1628121600000,39,False
1628208000000,45,False
1628294400000,48,False
1628380800000,48,False
1628467200000,53,False
1628553600000,51,False
1628640000000,53,False
1628726400000,50,False
1628812800000,46,False
1628899200000,44,False
1628985600000,44,False
1629072000000,45,False
1629158400000,46,False
1629244800000,43,False
1629331200000,39,False
1629417600000,46,False
1629504000000,44,False
1629590400000,42,False
1629676800000,51,False
1629763200000,48,False
1629849600000,44,False
1629936000000,41,False
1630022400000,39,False
1630108800000,37,False
1630195200000,35,False
1630281600000,35,False
1630368000000,39,False
1630454400000,37,False
1630540800000,40,False
1630627200000,40,False
1630713600000,36,False
1630800000000,36,False
1630886400000,44,False
1630972800000,72,False
1631059200000,65,False
1631145600000,47,False
1631232000000,43,False
1631318400000,38,False
1631404800000,35,False
1631491200000,42,False
1631577600000,38,False
1631664000000,38,False
1631750400000,36,False
1631836800000,35,False
1631923200000,33,False
1632009600000,31,False
1632096000000,48,False
1632182400000,50,False
1632268800000,44,False
1632355200000,40,False
1632441600000,58,False
1632528000000,44,False
1632614400000,38,False
1632700800000,36,False
1632787200000,38,False
1632873600000,36,False
1632960000000,35,False
1633046400000,45,False
1633132800000,37,False
1633219200000,36,False
1633305600000,39,False
1633392000000,45,False
1633478400000,60,False
1633564800000,50,False
1633651200000,46,False
1633737600000,39,False
1633824000000,39,False
1633910400000,49,False
1633996800000,47,False
1634083200000,43,False
1634169600000,44,False
1634256000000,69,False
1634342400000,57,False
1634428800000,48,False
1634515200000,57,False
1634601600000,67,False
1634688000000,82,False
1634774400000,75,False
1634860800000,62,False
1634947200000,48,False
1635033600000,46,False
1635120000000,52,False
1635206400000,56,False
1635292800000,60,False
1635379200000,52,False
1635465600000,48,False
1635552000000,42,False
1635638400000,41,False
1635724800000,42,False
1635811200000,45,False
1635897600000,45,False
1635984000000,44,False
1636070400000,41,False
1636156800000,37,False
1636243200000,37,False
1636329600000,54,False
1636416000000,64,False
1636502400000,58,False
1636588800000,50,False
1636675200000,47,False
1636761600000,43,False
1636848000000,44,False
1636934400000,46,False
1637020800000,60,False
1637107200000,54,False
1637193600000,54,False
1637280000000,55,False
1637366400000,44,False
1637452800000,41,False
1637539200000,45,False
1637625600000,51,False
1637712000000,50,False
1637798400000,42,False
1637884800000,55,False
1637971200000,46,False
1638057600000,43,False
1638144000000,46,False
1638230400000,48,False
1638316800000,44,False
1638403200000,41,False
1638489600000,42,False
1638576000000,100,False
1638662400000,67,False
1638748800000,65,False
1638835200000,57,False
1638921600000,50,False
1639008000000,49,False
1639094400000,48,False
1639180800000,44,False
1639267200000,42,False
1639353600000,53,False
1639440000000,53,False
1639526400000,50,False
1639612800000,44,False
1639699200000,44,False
1639785600000,41,False
1639872000000,39,False
1639958400000,43,False
1640044800000,45,False
1640131200000,42,False
1640217600000,42,False
1640304000000,43,False
1640390400000,41,False
1640476800000,40,False
1640563200000,42,False
1640649600000,44,False
1640736000000,43,False
1640822400000,42,False
1640908800000,41,False
1640995200000,36,False
1641081600000,36,False
1641168000000,39,False
1641254400000,51,False
1641340800000,35,False
1641427200000,50,False
1641513600000,61,False
1641600000000,52,False
1641686400000,48,False
1641772800000,51,False
1641859200000,46,False
1641945600000,43,False
1642032000000,35,False
1642118400000,33,False
1642204800000,36,False
1642291200000,29,False
1642377600000,32,False
1642464000000,35,False
1642550400000,34,False
1642636800000,34,False
1642723200000,72,False
1642809600000,94,False
1642896000000,69,False
1642982400000,74,False
1643068800000,55,False
1643155200000,56,False
1643241600000,52,False
1643328000000,52,False
1643414400000,46,False
1643500800000,44,False
1643587200000,45,False
1643673600000,48,False
1643760000000,44,False
1643846400000,43,False
1643932800000,47,False
1644019200000,44,False
1644105600000,40,False
1644192000000,51,False
1644278400000,46,False
1644364800000,44,False
1644451200000,36,False
1644537600000,43,False
1644624000000,35,False
1644710400000,33,False
1644796800000,37,False
1644883200000,38,False
1644969600000,35,False
1645056000000,36,False
1645142400000,38,False
1645228800000,33,False
1645315200000,38,False
1645401600000,42,False
1645488000000,46,False
1645574400000,38,False
1645660800000,78,False
1645747200000,53,False
1645833600000,39,False
1645920000000,40,False
1646006400000,48,False
1646092800000,55,False
1646179200000,47,False
1646265600000,41,False
1646352000000,43,False
1646438400000,36,False
1646524800000,33,False
1646611200000,41,False
1646697600000,36,False
1646784000000,42,False
1646870400000,38,False
1646956800000,37,False
1647043200000,30,False
1647129600000,29,False
1647216000000,35,False
1647302400000,31,False
1647388800000,34,False
1647475200000,32,False
1647561600000,32,False
1647648000000,29,False
1647734400000,28,False
1647820800000,30,False
1647907200000,34,False
1647993600000,29,False
1648080000000,34,False
1648166400000,34,False
1648252800000,30,False
1648339200000,33,False
1648425600000,39,False
1648512000000,37,False
1648598400000,36,False
1648684800000,32,False
1648771200000,34,False
1648857600000,29,False
1648944000000,29,False
1649030400000,32,False
1649116800000,29,False
1649203200000,33,False
1649289600000,33,False
1649376000000,31,False
1649462400000,26,False
1649548800000,25,False
1649635200000,35,False
1649721600000,30,False
1649808000000,31,False
1649894400000,29,False
1649980800000,28,False
1650067200000,24,False
1650153600000,24,False
1650240000000,29,False
1650326400000,28,False
1650412800000,26,False
1650499200000,29,False
1650585600000,27,False
1650672000000,23,False
1650758400000,23,False
1650844800000,29,False
1650931200000,30,False
1651017600000,27,False
1651104000000,27,False
1651190400000,27,False
1651276800000,25,False
1651363200000,26,False
1651449600000,28,False
1651536000000,26,False
1651622400000,27,False
1651708800000,33,False
1651795200000,34,False
1651881600000,27,False
1651968000000,35,False
1652054400000,62,False
1652140800000,60,False
1652227200000,68,False
1652313600000,100,False
1652400000000,76,False
1652486400000,53,False
1652572800000,48,False
1652659200000,49,False
1652745600000,45,False
1652832000000,43,False
1652918400000,42,False
1653004800000,39,False
1653091200000,34,False
1653177600000,33,False
1653264000000,37,False
1653350400000,37,False
1653436800000,33,False
1653523200000,34,False
1653609600000,33,False
1653696000000,30,False
1653782400000,27,False
1653868800000,36,False
1653955200000,33,False
1654041600000,31,False
1654128000000,31,False
1654214400000,29,False
1654300800000,25,False
1654387200000,26,False
1654473600000,31,False
1654560000000,31,False
1654646400000,29,False
1654732800000,27,False
1654819200000,28,False
1654905600000,29,False
1654992000000,36,False
1655078400000,100,False
1655164800000,94,False
1655251200000,85,False
1655337600000,74,False
1655424000000,64,False
1655510400000,98,False
1655596800000,93,False
1655683200000,71,False
1655769600000,62,False
1655856000000,57,False
1655942400000,50,False
1656028800000,46,False
1656115200000,39,False
1656201600000,38,False
1656288000000,44,False
1656374400000,43,False
1656460800000,45,False
1656547200000,49,False
1656633600000,80,False
1656720000000,65,False
1656806400000,64,False
1656892800000,69,False
1656979200000,71,False
1657065600000,66,False
1657152000000,65,False
1657238400000,65,False
1657324800000,52,False
1657411200000,53,False
1657497600000,61,False
1657584000000,62,False
1657670400000,62,False
1657756800000,61,False
1657843200000,59,False
1657929600000,50,False
1658016000000,47,False
1658102400000,65,False
1658188800000,60,False
1658275200000,65,False
1658361600000,73,False
1658448000000,59,False
1658534400000,50,False
1658620800000,46,False
1658707200000,54,False
1658793600000,56,False
1658880000000,52,False
1658966400000,56,False
1659052800000,54,False
1659139200000,47,False
1659225600000,46,False
1659312000000,50,False
1659398400000,50,False
1659484800000,46,False
1659571200000,46,False
1659657600000,46,False
1659744000000,39,False
1659830400000,38,False
1659916800000,48,False
1660003200000,44,False
1660089600000,49,False
1660176000000,49,False
1660262400000,44,False
1660348800000,40,False
1660435200000,42,False
1660521600000,44,False
1660608000000,43,False
1660694400000,42,False
1660780800000,39,False
1660867200000,55,False
1660953600000,45,False
1661040000000,42,False
1661126400000,46,False
1661212800000,42,False
1661299200000,40,False
1661385600000,40,False
1661472000000,42,False
1661558400000,44,False
1661644800000,42,False
1661731200000,53,False
1661817600000,44,False
1661904000000,43,False
1661990400000,43,False
1662076800000,41,False
1662163200000,36,False
1662249600000,36,False
1662336000000,40,False
1662422400000,42,False
1662508800000,48,False
1662595200000,41,False
1662681600000,47,False
1662768000000,40,False
1662854400000,37,False
1662940800000,44,False
1663027200000,46,False
1663113600000,45,False
1663200000000,43,False
1663286400000,43,False
1663372800000,37,False
1663459200000,38,False
1663545600000,51,False
1663632000000,47,False
1663718400000,48,False
1663804800000,45,False
1663891200000,45,False
1663977600000,39,False
1664064000000,36,False
1664150400000,44,False
1664236800000,44,False
1664323200000,43,False
1664409600000,44,False
1664496000000,40,False
1664582400000,32,False
1664668800000,32,False
1664755200000,39,False
1664841600000,40,False
1664928000000,37,False
1665014400000,36,False
1665100800000,37,False
1665187200000,31,False
1665273600000,31,False
1665360000000,36,False
1665446400000,37,False
1665532800000,37,False
1665619200000,41,False
1665705600000,37,False
1665792000000,30,False
1665878400000,31,False
1665964800000,35,False
1666051200000,35,False
1666137600000,33,False
1666224000000,34,False
1666310400000,34,False
1666396800000,30,False
1666483200000,30,False
1666569600000,33,False
1666656000000,36,False
1666742400000,40,False
1666828800000,36,False
1666915200000,35,False
1667001600000,33,False
1667088000000,31,False
1667174400000,37,False
1667260800000,34,False
1667347200000,35,False
1667433600000,33,False
1667520000000,33,False
1667606400000,34,False
1667692800000,31,False
1667779200000,34,False
1667865600000,51,False
1667952000000,90,False
1668038400000,100,False
1668124800000,81,False
1668211200000,75,False
1668297600000,70,False
1668384000000,78,False
1668470400000,65,False
1668556800000,61,False
1668643200000,60,False
1668729600000,50,False
1668816000000,45,False
1668902400000,43,False
1668988800000,55,False
1669075200000,54,False
1669161600000,48,False
1669248000000,42,False
1669334400000,41,False
1669420800000,35,False
1669507200000,35,False
1669593600000,44,False
1669680000000,44,False
1669766400000,42,False
1669852800000,40,False
1669939200000,38,False
1670025600000,33,False
1670112000000,33,False
1670198400000,38,False
1670284800000,37,False
1670371200000,38,False
1670457600000,41,False
1670544000000,35,False
1670630400000,31,False
1670716800000,34,False
1670803200000,37,False
1670889600000,42,False
1670976000000,39,False
1671062400000,38,False
1671148800000,39,False
1671235200000,36,False
1671321600000,31,False
1671408000000,36,False
1671494400000,37,False
1671580800000,37,False
1671667200000,38,False
1671753600000,35,False
1671840000000,32,False
1671926400000,35,False
1672012800000,35,False
1672099200000,35,False
1672185600000,39,False
1672272000000,36,False
1672358400000,35,False
1672444800000,30,False
